MS_depth,age_kabp_MS,MS
1.01,1.6276,347
1.51,3.05515,389
1.99,5.291,134
2.53,7.8069,244
3.01,9.0716,213
3.53,10.2458,253
4.01,11.451,204
4.53,13.2221,198
5.01,14.8655,221
5.53,15.94245,334
6.01,16.54265,328
6.53,17.20305,307
7.01,18.01325,282
7.53,18.8801,305
8.01,19.93005,261
8.51,21.39255,241
9.01,22.85355,286
9.53,24.25235,251
10.01,25.52295,350
10.53,26.8582,257
11.01,27.91635,253
11.53,29.06795,215
12.01,29.89445,270
12.53,30.6296,276
13.01,31.30935,237
13.53,32.5588,130
14.01,33.69665,253
14.53,35.0618,194
15.01,36.491,291
15.5,37.9544,241
16.01,38.86095,179
16.53,39.6167,283
17.01,40.0975,230
17.53,41.14455,134
18.01,42.1338,125
18.53,43.2833,132
19.01,44.472,122
19.53,45.76455,166
20.01,46.9647,129
20.53,48.2696,108
21.01,49.50545,142
21.53,51.19985,98.4
22.01,52.76845,95.5
22.53,54.35455,101
23.01,55.7358,126
23.53,57.2256,111
24.01,58.7671,152
24.53,60.45445,105
25.01,61.8756,118
25.53,63.085,127
26.01,64.22645,156
26.53,65.59195,180
27.01,66.9127,149
27.53,68.32725,226
28.01,69.60665,176
28.53,71.00215,228
29.01,72.28015,144
29.53,73.65795,70.5
30.01,74.92665,123
30.53,76.2281,167
31.01,77.4217,68.4
31.53,78.6319,95.5
32.01,79.63615,158
32.53,80.7281,65.4
33.01,81.75105,65.5
33.53,82.8595,46.5
34.01,83.9011,46.3
34.53,85.19505,76.8
35.01,86.41095,88.7
35.53,87.72535,99.7
36.01,88.97035,149
36.53,90.31165,66.3
37.01,91.85875,58.1
37.52,93.5235,67.6
38,95.00025,84.5
38.53,96.39155,52.9
39.01,97.6552,81.5
39.53,99.0514,53.1
40.01,100.36965,39.6
40.54,101.8399,44.9
41.01,102.82335,40.3
41.51,103.9269,78.8
42.01,105.0354,63
42.53,106.21295,44.3
43.01,107.3033,69.6
43.51,108.89695,127
44.01,110.53725,120
44.53,112.3316,74.4
45.01,114.1896,45.9
45.52,116.1433,49.6
46,118.1113,57.6
46.53,120.34815,50.9
47.01,122.32925,37.9
47.53,124.43205,25.2
48.01,126.4075,8.7
48.53,128.3843,72.2
49.01,130.06765,88.2
49.53,131.8996,100
50.01,133.37285,99
50.53,134.92925,136
51.01,136.32,140
51.53,137.7519,125
52.01,139.05075,111
52.53,140.41825,115
53.01,141.69125,112
53.53,143.04445,132
54.01,144.2924,133
54.53,145.6498,128
55.01,146.87195,106
55.53,148.1805,113
56.01,149.39185,114
56.53,150.4734,115
57.01,151.46335,177
57.53,152.55885,152
58.01,153.62225,129
58.53,154.79655,163
59.01,155.5219,143
59.53,156.16895,137
60.01,156.7576,171
60.53,157.33455,150
61.01,157.86595,136
61.51,158.4423,255
62.01,159.04085,203
62.53,159.65565,125
63.01,160.31435,116
63.53,161.018,125
64.01,161.6594,115
64.53,162.3864,164
65.01,163.04875,144
65.52,163.8107,137
66,164.56435,121
66.53,165.3961,151
67.01,166.1461,114
67.53,166.95575,105
68.01,167.66155,180
68.53,168.42,111
69.01,169.1404,124
69.52,169.86355,92.5
70,170.5439,103
70.53,171.28615,128
71.01,171.94545,150
71.53,172.67385,167
72.01,173.3896,92.5
72.53,174.18315,106
73.01,174.91285,103
73.51,175.61815,129
74,176.31515,108
74.53,177.0331,85.3
75.01,177.6436,114
75.53,178.3031,213
76.01,178.9374,109
76.53,179.62895,96.9
77.01,180.29135,101
77.51,181.04905,93.6
78,181.7878,130
78.53,182.643,109
79.01,183.4484,129
79.53,184.27435,92.6
80.01,184.9488,172
80.53,185.66385,117
81.01,186.38615,83.9
81.52,187.24955,121
82,188.04915,128
82.53,188.8758,117
83.01,189.622,205
83.53,190.40255,149
84.01,191.1103,96.1
84.53,191.89115,101
85.01,192.6048,117
85.51,193.3552,314
86.01,194.098,76
86.53,194.9811,74
87.01,195.79555,88
87.53,196.74935,123
88.01,197.70405,63.9
88.53,198.7287,74.9
89.01,199.5692,81.6
89.51,200.44215,57.9
90,201.2866,46.1
90.53,202.17515,38.7
91.01,202.98705,71.2
91.53,203.9126,70.4
92.01,204.7889,120
92.53,205.86125,89.8
93.01,207.5354,64.8
93.51,209.26655,66.2
94,210.79955,68.4
94.53,212.2834,54
95.01,213.6327,52.4
95.53,215.44595,31.3
96.01,217.1486,43.1
96.53,219.0454,124
97.01,220.9643,277
97.53,223.10005,184
98.01,224.54055,116
98.53,225.8947,110
99.01,227.0812,108
99.53,228.1518,161
100.01,229.14555,103
100.53,230.24605,53
101.01,231.28235,128
101.53,232.39395,152
101.99,233.3956,67
102.47,234.43385,102
102.95,235.45955,61.1
103.43,236.42445,71.4
103.91,237.38225,77
104.39,238.41,45.9
104.87,239.5158,21.2
105.37,240.64655,73.5
105.83,241.5249,79.9
106.31,242.4164,190
106.79,243.31025,162
107.27,244.269,196
107.75,245.2584,150
108.23,246.2223,101
108.71,247.15125,126
109.18,248.063,137
109.66,249.1482,121
110.15,250.32975,140
110.63,251.45975,106
111.11,252.69345,106
111.59,253.9457,95.8
112.07,255.22265,130
112.55,256.61625,99.5
113.03,258.00605,90.5
113.51,259.4275,110
113.99,260.90955,111
114.47,262.36395,100
114.95,263.63865,142
115.43,264.8677,88.9
115.91,266.10205,167
116.39,267.29635,214
116.87,268.49325,237
117.35,269.71025,148
117.83,270.97155,236
118.31,272.2386,211
118.79,273.42935,260
119.27,274.5874,228
119.75,275.7168,204
120.23,276.75755,123
120.71,277.78945,123
121.19,278.82755,127
121.67,279.89665,118
122.15,280.9711,160
122.63,281.9962,76.2
123.11,283.01145,183
123.59,284.03425,80.9
124.07,285.31265,64.2
124.55,286.5814,72.5
125.03,287.8765,66.9
125.51,289.15035,46.8
125.99,290.41825,33.9
126.47,291.63795,66.3
126.95,292.7322,110
127.43,293.87485,142
127.91,294.99375,183
128.39,296.127,134
128.87,297.25055,107
129.35,298.1738,134
129.83,299.0788,91.7
130.31,299.9521,82.1
130.79,300.81775,148
131.27,301.6833,110
131.75,302.56915,92.9
132.23,303.47775,94.9
132.71,304.36025,72.3
133.19,305.34735,162
133.67,306.3411,79.3
134.15,307.32675,79.4
134.63,308.31985,111
135.11,309.30525,88.6
135.59,310.2386,87.3
136.07,311.1054,48.7
136.55,311.9707,99.1
137.03,312.86085,77.2
137.51,313.76375,67.7
137.98,314.65505,63.9
138.47,315.5903,87.2
138.95,316.51335,85.9
139.43,317.5041,92.6
139.91,318.6146,104
140.39,319.7441,144
140.87,320.8891,90.9
141.35,322.0635,92.9
141.83,323.23795,67.6
142.31,324.60785,60.5
142.79,325.9759,66.2
143.27,327.35645,57.8
143.75,328.8082,68.1
144.23,330.26855,56
144.71,331.7316,80.3
145.19,333.177,127
145.67,334.61905,183
146.15,336.12655,200
146.63,337.6466,169
147.11,339.17115,240
147.59,340.82795,216
148.07,342.4653,187
148.55,344.07835,198
149.03,345.64605,301
149.51,347.2352,176
149.99,348.7492,210
150.47,350.23775,227
150.95,351.72435,136
151.44,353.31145,228
151.91,354.837,227
152.39,356.4088,121
152.87,358.0406,476
153.35,359.68535,155
153.83,361.3084,241
154.31,362.8972,215
154.8,364.55855,153
155.27,365.7338,222
155.75,366.93285,170
156.23,368.1866,161
156.71,369.7578,183
157.19,371.3328,124
157.67,373.08825,101
158.15,375.08605,290
158.63,377.0997,110
159.11,379.5194,283
159.59,382.08205,299
160.07,384.6434,118
160.55,386.86375,63.4
161.03,389.1126,116
161.51,391.18395,66
161.99,392.8235,136
162.47,394.4619,102
162.95,395.6854,130
163.43,396.65725,71.7
163.91,397.60905,56.1
164.39,398.71795,93.7
164.87,399.85485,85.7
165.35,401.00505,102
165.83,402.24005,76.2
166.31,403.4629,77.4
166.79,404.86445,124
167.27,406.47645,237
167.75,408.0926,129
168.23,409.30355,79
168.71,410.42485,94
169.18,411.55455,69.9
169.67,413.03255,57.5
170.15,414.49735,37.5
170.63,415.84455,41.1
171.11,417.0191,30.8
171.59,418.17385,48.8
172.07,419.5553,48.6
172.55,421.05245,58.3
173.03,422.5461,58.5
173.51,423.81915,116
173.99,425.0879,90.6
174.47,426.40445,103
174.95,427.8572,169
175.43,429.33745,396
175.91,430.7337,321
176.39,432.0842,224
176.87,433.45005,233
177.35,435.858,178
177.83,438.49735,141
178.31,441.0816,356
178.79,443.21885,215
179.27,445.37135,263
179.75,447.4092,169
180.23,449.24375,494
180.71,451.0958,139
181.19,453.066,205
181.67,455.10885,227
182.15,457.1406,161
182.63,458.4727,135
183.11,459.78315,216
183.59,461.06775,280
184.07,462.3325,148
184.55,463.5929,173
185.03,464.99305,142
185.51,466.5003,110
185.99,468.0209,181
186.47,469.253,249
186.95,470.45335,245
187.43,471.6092,123
187.91,472.6319,174
188.39,473.65305,115
188.87,474.7276,54.3
189.35,475.8362,109
189.83,476.94305,146
190.31,478.10325,134
190.79,479.27355,75.5
191.27,480.4382,85.6
191.75,481.35295,85.7
192.23,482.2609,124
192.71,483.246,110
193.2,484.43005,66.1
193.67,485.54675,72.8
194.15,486.7063,61
194.63,487.86915,58.9
195.11,489.0226,46.7
195.59,490.30495,70
196.07,491.63225,74.6
196.55,493.0331,63
197.03,494.93435,64.6
197.51,496.8193,73.5
197.99,498.72555,54.2
198.47,500.6768,67
198.95,502.6259,40.6
199.43,505.28895,30.9
199.91,508.1632,78.9
200.39,510.9768,138.4
200.87,512.85625,58.9
201.35,514.74345,89.7
201.83,516.5006,113.5
202.31,518.063,85.7
202.79,519.5977,73.2
203.27,521.26625,106.9
203.74,522.9732,81.8
204.23,524.77035,73
204.7,526.5062,64.1
205.19,528.32985,63.9
205.67,529.93805,86.3
206.15,531.009,84.6
206.63,532.09905,105.5
207.11,533.05665,103.4
207.59,533.9229,126.3
208.07,534.7868,160.1
208.55,535.67635,161.4
209.03,536.59015,119
209.51,537.6023,138.5
209.99,539.444,134.7
210.47,541.26265,114.9
210.95,542.94945,104.3
211.43,544.4447,97.2
211.91,545.9543,106.4
212.39,547.5292,133
212.87,549.15745,93.9
213.35,550.76005,148.6
213.83,552.311,120.4
214.31,553.8812,107.2
214.79,555.3998,109.7
215.27,556.8172,118.8
215.75,558.2326,177
216.23,559.5884,57.3
216.71,560.92935,126.2
217.19,562.2466,113.1
217.67,563.30955,45.7
218.15,564.3373,71.7
218.63,565.3201,122.9
219.11,566.31575,151.4
219.59,567.29205,170.4
220.07,568.289,112.9
220.55,569.33095,97.3
221.03,570.3701,106
221.51,571.45575,111.9
221.99,572.56565,87.2
222.47,573.67035,80
222.95,574.77505,76.8
223.43,575.8742,52.7
223.91,576.961,51
224.39,578.0453,43.9
224.87,579.1446,39.1
225.35,580.1666,75.3
225.83,581.13945,109
226.31,582.12125,110
226.79,583.1338,196.7
227.27,584.16555,173.5
227.75,585.2465,150.1
228.23,586.5554,193.1
228.71,587.8594,143
229.19,589.08535,66.9
229.67,590.2455,76.6
230.15,591.39715,80.4
230.63,592.6561,99
231.11,593.96025,63.6
231.59,595.26295,65.5
232.07,596.7844,76.3
232.55,598.3134,101.7
233.03,599.75325,43.6
233.51,601.0132,30.4
233.99,602.2985,73.9
234.47,603.5254,92.8
234.95,604.73065,79.6
235.43,605.944,73
235.91,607.291,56.4
236.39,608.61905,45.6
236.86,609.85695,45.2
237.35,610.9956,56.5
237.83,612.1168,42.1
238.31,613.23325,53.9
238.79,614.35385,48.6
239.27,615.46655,49.6
239.75,616.61655,51.8
240.23,617.77055,46.9
240.71,618.91725,38.7
241.19,620.007,57.1
241.67,621.0887,74.5
242.15,622.20595,111.7
242.64,623.41145,118.3
243.11,624.58255,175.8
243.59,625.72685,238.1
244.07,626.85325,224.4
244.55,628.00835,271.9
245.03,629.3229,181.3
245.51,630.62005,198.2
245.99,631.988,177
246.47,633.5581,285.7
246.95,635.1091,368.8
247.43,636.4631,180.6
247.91,637.68785,169.9
248.39,638.8927,175.3
248.87,640.45785,196.8
249.35,642.0787,245.3
249.83,643.6719,233.3
250.31,645.19155,219.5
250.79,646.70085,144.6
251.27,648.2036,243.1
251.75,649.6941,233.5
252.23,651.1833,190.5
252.71,652.3909,214.1
253.19,653.5189,228.7
253.67,654.68295,204.7
254.15,656.48435,163.1
254.63,658.2449,178.5
255.11,660.0445,129.4
255.59,661.9855,172.8
256.07,663.84315,182.6
256.55,665.59525,165.7
257.03,667.2787,122.9
257.51,668.95145,95.9
257.99,670.59275,99.6
258.47,672.2314,152.2
258.95,673.85945,148.7
259.43,675.35715,98.1
259.91,676.87925,143.3
260.523,680.17705,114.3
261.003,684.26465,102.2
261.483,688.33315,81.8
261.963,691.67555,60.1
262.443,694.9382,50.8
262.923,697.9374,59
263.403,699.81135,59.3
263.883,701.67235,69.1
264.363,703.6357,71.5
264.843,705.76585,85.4
265.323,707.8838,61.2
265.803,710.0797,58
266.283,712.3038,134.9
266.763,714.56845,258.7
267.243,717.188,251.4
267.723,719.839,256.6
268.203,721.9787,177.4
268.683,723.31775,153.3
269.173,724.72615,325.1
269.643,726.2121,237.7
270.123,727.91325,189.2
270.603,729.60445,179.4
271.083,731.25065,125.5
271.563,732.93265,157.4
272.043,734.60795,98.4
272.523,736.2831,106.2
273.003,737.9618,93.3
273.483,739.37945,123.7
273.963,740.5726,84.7
274.443,741.74345,105.1
274.923,742.81125,82.8
275.403,743.8624,104.2
275.883,744.96405,191.1
276.363,746.1657,238
276.843,747.39475,227.9
277.323,748.64525,171.2
277.803,749.97205,226.7
278.283,751.293,149.6
278.763,752.48105,240
279.243,753.6152,167.1
279.723,754.77505,259.1
280.203,756.0117,169.6
280.683,757.22875,139.8
280.74,757.3677,140.1
280.78,757.4675,151
280.815,757.5574,146.8
280.84,757.6206,147
280.905,757.7916,114.6
280.94,757.8793,124.1
280.975,757.9648,146.1
281.01,758.0514,112.5
281.065,758.2006,111.5
281.1,758.2925,104.9
281.14,758.4015,149.8
281.163,758.4738,166.2
281.225,758.6328,229
281.26,758.7267,268.3
281.3,758.8362,153.6
281.33,758.9165,136.1
281.385,759.0641,110.2
281.425,759.1706,134.5
281.46,759.2702,149.4
281.505,759.3946,151.4
281.545,759.5072,109.5
281.58,759.6022,117.7
281.643,759.77645,104.3
281.705,759.9364,105.5
281.745,760.0478,131.5
281.79,760.1689,115.3
281.82,760.2525,112.7
281.865,760.377,118.1
281.905,760.4806,142.9
281.95,760.6054,211.2
281.98,760.6903,167.4
282.025,760.8096,108
282.06,760.903,111
282.123,761.08245,129.7
282.145,761.1333,116.1
282.185,761.239,114.1
282.225,761.3503,156.6
282.26,761.45,135.1
282.3,761.5559,153.3
282.345,761.6748,171.3
282.385,761.7898,146.1
282.42,761.8858,128.7
282.46,762.0028,175.3
282.505,762.133,122.1
282.545,762.2451,93.9
282.571,762.32855,135
282.58,762.3488,127.5
282.603,762.4178,190.6
282.656,762.5647,235.2
282.696,762.6785,145.7
282.736,762.7924,122.3
282.771,762.8903,112.1
282.816,763.025,107.6
282.851,763.1184,105.8
282.896,763.2493,89
282.971,763.4621,110.3
283.011,763.5756,110.9
283.051,763.6901,107.8
283.083,763.7853,112.4
283.136,763.9315,110.7
283.176,764.0458,104.2
283.211,764.1457,109.5
283.251,764.2555,122.9
283.296,764.3907,109.3
283.336,764.5017,114.9
283.371,764.601,111.1
283.411,764.7168,104.1
283.456,764.8377,165.9
283.496,764.9478,175
283.536,765.0615,169.5
283.563,765.13645,165.2
283.616,765.2803,130.2
283.656,765.3892,114
283.696,765.4982,219.1
283.736,765.608,155.1
283.781,765.7324,146.6
283.816,765.8297,137.8
283.856,765.9373,149.8
283.891,766.0346,145
283.941,766.1734,273.2
283.981,766.2887,164.2
284.016,766.3861,134.9
284.053,766.51875,101.6
284.103,766.626,106.3
284.148,766.7499,319.8
284.183,766.8465,236.1
284.218,766.9444,196.5
284.268,767.0868,155.2
284.303,767.1847,141.1
284.343,767.2991,126.2
284.383,767.4041,141.2
284.428,767.5334,130.1
284.463,767.6268,120.7
284.543,767.8519,122.7
284.583,767.9602,117.4
284.613,768.0457,117.2
284.668,768.2026,90.7
284.698,768.2837,98.5
284.748,768.4246,99.3
284.783,768.5184,105.9
284.823,768.6337,114.1
284.858,768.7301,95.7
284.908,768.863,100.3
284.943,768.967,105
284.983,769.0869,99.6
285.068,769.3302,108
285.103,769.428,93.8
285.143,769.5407,98.2
285.178,769.6419,119.5
285.233,769.7992,117.2
285.263,769.8821,132.7
285.308,770.0187,116.2
285.358,770.1621,109.2
285.393,770.2598,138.9
285.423,770.3469,139.8
285.463,770.4588,123.3
285.543,770.6923,113.7
285.583,770.8081,120.5
285.623,770.9218,105.4
285.648,770.9944,102.7
285.673,771.0665,94.4
285.683,771.12815,103.6
285.708,771.1964,131.5
285.733,771.2623,131.6
285.783,771.4115,138.5
285.813,771.4981,116
285.863,771.6453,164
285.893,771.7308,147.7
285.938,771.8659,148.5
285.978,771.9831,136.4
286.023,772.1176,137.6
286.048,772.1909,143.1
286.103,772.356,142.5
286.133,772.4408,129.7
286.198,772.6372,98.6
286.223,772.7142,131.1
286.303,773.0347,136.9
286.363,773.2877,119.9
286.393,773.4105,158.4
286.463,773.7025,128.8
286.513,773.9114,135.6
286.543,774.0369,125.3
286.593,774.2436,145.6
286.623,774.3695,132.7
286.668,774.552,143.8
286.703,774.6973,90.9
286.748,774.8847,102.8
286.783,775.0296,87.6
286.828,775.2145,70.5
286.858,775.3379,63.3
286.988,775.6239,126.2
287.023,775.8759,115.5
287.088,776.2854,101.7
287.153,776.5541,121
287.183,776.6752,126.9
287.228,776.8617,116.6
287.258,776.9832,113.4
287.318,777.23,109.6
287.348,777.3523,113.1
287.388,777.5174,105.6
287.478,777.8824,86.6
287.508,778.0092,94.5
287.548,778.1921,95.9
287.577,778.3421,96
287.632,778.6136,78.8
287.662,778.7594,73.5
287.707,778.9765,74.5
287.737,779.1284,74.7
287.797,779.4242,80.9
287.822,779.5445,77.5
287.857,779.7198,74.1
287.952,780.1898,70.2
287.982,780.3378,63.3
288.027,780.5589,65.9
288.057,780.7072,63.2
288.112,780.9789,68.9
288.137,781.1015,64
288.182,781.3239,63.3
288.212,781.4705,61.6
288.262,781.7162,52.5
288.292,781.8636,60.6
288.337,782.0845,57.1
288.422,782.508,36.1
288.457,782.6787,47.6
288.502,782.8999,51.9
288.532,783.049,52.9
288.592,783.3383,42.2
288.622,783.4856,45.4
288.667,783.7059,52.1
288.697,783.8529,53.5
288.747,784.0988,56.5
288.777,784.2425,55.1
288.817,784.4406,52.8
288.907,784.8117,60.7
288.937,784.9456,56.3
288.982,785.1295,57.5
289.017,785.2802,49.1
289.067,785.4899,59.7
289.102,785.6358,57.9
289.142,785.8084,51.8
289.172,785.9283,58
289.227,786.1628,66
289.257,786.2864,67.8
289.302,786.4778,65.4
289.347,786.6687,69.1
289.387,786.8426,71.9
289.422,786.9903,82.4
289.462,787.1619,84.3
289.502,787.334,83.5
289.547,787.5249,98.2
289.577,787.6518,118.5
289.622,787.845,193.2
289.657,787.9964,468.1
289.707,788.2113,117.3
289.737,788.3345,129.7
289.847,788.814,219.6
289.858,788.8495,382.4
289.898,789.0156,216.7
289.938,789.1879,153.2
289.973,789.3406,151.4
290.033,789.5938,135.1
290.063,789.7214,106.3
290.108,789.9086,166.3
290.138,790.0106,325.4
290.188,790.1477,139.7
290.218,790.2294,256
290.373,790.6539,115.7
290.423,790.7922,130.1
290.458,790.8884,168.2
290.513,791.042,232.4
290.538,791.1137,172.7
290.668,791.4764,161.6
290.698,791.5594,267
290.738,791.6715,170.3
290.828,791.9227,243.5
290.863,792.0224,194
290.938,792.2266,165.3
290.988,792.3672,199
291.023,792.4599,206.7
291.062,792.5696,246
291.087,792.6396,235
291.142,792.7905,232.3
291.172,792.8685,220.3
291.212,792.9815,169.7
291.307,793.2391,190
291.337,793.3194,174.2
291.382,793.443,195.6
291.462,793.7146,198.2
291.497,793.8624,183.3
291.542,794.0429,196.8
291.572,794.1709,230.2
291.627,794.3966,214.7
291.662,794.542,260.5
291.702,794.7069,243.7
291.787,795.063,258.6
291.812,795.1706,248
291.862,795.3795,244.7
291.897,795.5257,242.8
291.947,795.7329,283.9
291.977,795.8578,280.6
292.027,796.0644,190.9
292.057,796.187,186.9
292.102,796.3705,174.5
292.142,796.5364,153.8
292.177,796.6826,197.6
292.267,797.0533,201.3
292.292,797.1573,238.4
292.357,797.4264,336
292.379,797.5227,194.6
292.429,797.7304,163.5
292.459,797.85285,177.2
292.499,798.0185,162.9
292.539,798.1839,178.4
292.589,798.3874,153.4
292.624,798.53375,211.9
292.683,798.75455,194.7
292.749,799.0421,198
292.779,799.1635,185.6
292.824,799.3463,204.9
292.859,799.4857,201.4
292.914,799.7089,230.8
292.944,799.8331,198.5
292.984,799.9905,197.4
293.019,800.1365,193.4
293.069,800.3391,155.7
293.104,800.4834,147.7
293.139,800.6253,133.2
293.163,800.69195,150.8
293.179,800.7864,160.3
293.229,800.9901,169.7
293.264,801.1325,139.4
293.304,801.2994,197.1
293.339,801.4415,161.2
293.389,801.6441,202.6
293.424,801.7876,285.6
293.464,801.9494,286.7
293.499,802.0898,344.9
293.549,802.2936,340
293.584,802.4361,203.6
293.619,802.5811,209.8
293.643,802.6441,207.6
293.699,802.904,122.4
293.789,803.2751,193
293.859,803.5545,171.4
293.959,803.9591,179.7
294.034,804.265,170.2
294.123,804.62185,187.3
294.189,804.9444,170.9
294.264,805.2671,159.4
294.344,805.6141,137.8
294.419,805.933,205.4
294.504,806.3044,537.8
294.603,806.7083,283.1
294.674,807.0475,154.9
294.749,807.3768,160.4
294.834,807.7523,148.2
294.909,808.0782,124.2
294.989,808.4302,137.7
295.083,808.81,126.4
295.179,809.2646,219.3
295.259,809.6187,166.4
295.344,809.9705,169.3
295.419,810.2344,134.6
295.499,810.5175,107.9
295.563,810.71725,95.9
295.621,810.9503,118.1
295.706,811.2497,161.1
295.786,811.531,133.1
295.871,811.8325,111
295.951,812.1167,107.4
296.13,812.7054,171.9
296.186,812.9476,139.6
296.271,813.2488,156.1
296.346,813.5175,141.8
296.431,813.8174,118.7
296.582,814.3565,105.3
296.666,814.6341,127.2
296.751,814.9047,136.9
296.831,815.1631,159.4
296.911,815.4168,80.2
297.071,815.9316,82.3
297.161,816.1828,97.4
297.493,817.2249,102.2
297.973,818.755,75.2
298.453,820.13295,28.3
298.933,821.5168,58.4
299.413,822.8181,89.6
299.893,823.98745,88.5
300.373,825.15675,56.1
300.853,826.45335,60.9
301.333,827.8308,72.2
301.813,829.2313,126.9
302.293,831.396,113.9
302.773,833.61145,50.6
303.253,836.00255,102.9
303.733,839.01115,65.5
304.213,841.9898,43.5
304.673,844.8345,64.5
305.173,847.9151,105.2
305.653,850.9255,109
306.133,853.97925,78
306.613,857.04725,46.4
307.093,860.08205,49.4
307.573,863.05365,64.9
307.8,864.501,53.9
307.91,865.1826,60
308.03,865.9331,57.7
308.053,866.0338,60.3
308.15,866.6828,56.4
308.285,867.534,89.6
308.395,868.0617,240.3
308.505,868.4764,135.3
308.533,868.55695,127.4
308.625,868.9325,197.3
308.755,869.4266,165.1
308.875,869.8769,157.3
308.985,870.2921,184.2
309.013,870.3682,245.3
309.105,870.7454,173.7
309.221,871.1928,227.3
309.235,871.24015,261.3
309.341,871.6337,202.5
309.345,871.65685,255.7
309.441,872.0098,185.8
309.493,872.17285,200.8
309.551,872.4241,178.9
309.671,872.8348,191.1
309.791,873.1646,246.3
309.911,873.4931,250.2
309.973,873.6435,251.5
310.031,873.8234,219.8
310.151,874.1596,291.2
310.271,874.4865,153.3
310.391,874.8109,256.1
310.453,874.9625,226.1
310.511,875.1472,241.1
310.631,875.4735,243.4
310.671,875.5815,237.8
310.791,875.9085,208.5
310.911,876.2409,223.6
310.933,876.27635,213.3
311.031,876.6152,187
311.151,877.0208,241
311.259,877.3964,203.4
311.261,877.3916,203
311.379,877.7899,275.9
311.413,877.8754,309.9
311.499,878.183,233
311.549,878.3531,366.7
311.669,878.7556,242
311.789,879.1557,287.1
311.893,879.47965,210.7
311.949,879.6976,163.2
312.059,880.063,254.6
312.373,881.03325,207
312.853,882.4858,195
313.333,883.93975,163.1
313.823,885.5036,307.9
314.293,887.03305,312.4
314.773,888.6236,192.7
315.253,890.8529,105
315.733,893.1973,175
316.213,895.6106,183.8
316.693,898.4958,148.1
317.173,901.3506,139.3
317.653,904.1033,125.8
318.133,906.78035,100.9
318.613,909.44905,149.2
319.093,912.7599,73.6
319.573,916.32385,199
320.053,919.8114,150.6
320.533,920.9811,204.7
321.013,922.1214,188.4
321.493,923.23525,255.6
321.973,924.2802,153.3
322.453,925.33275,231.4
322.933,926.48185,139.3
323.413,927.70645,106.2
323.893,928.93185,138.9
324.373,930.12395,48.3
324.853,931.31775,286.5
325.333,932.50785,101.9
325.813,933.699,94.4
326.293,934.90445,126.2
326.773,936.1472,119.2
327.253,937.43575,87.8
327.73,938.714,73.3
328.21,939.90375,89.1
328.69,941.0689,114.8
329.17,942.2608,120.8
329.65,943.56565,83.2
330.13,944.84135,82.6
330.61,946.1574,103.2
331.09,947.53545,91.1
331.57,948.90345,44.7
332.05,950.20715,92
332.53,951.47655,100
333.01,952.7385,88.8
333.49,954.1669,58.1
333.97,955.6015,77.1
334.153,956.1717,109.4
334.323,956.6784,78.2
334.45,957.0196,111.8
334.633,957.5661,95.5
334.723,957.8225,88.2
334.828,958.124,97.8
334.93,958.40115,151
335.113,958.9643,118.8
335.273,959.4445,109.6
335.41,959.8226,101.5
335.593,960.3857,103.9
335.648,960.5373,107.5
335.788,960.8915,126.7
335.89,961.1225,206.2
335.953,961.3009,154.6
336.068,961.5953,157.6
336.115,961.713,179.4
336.23,962.0099,135.9
336.37,962.34925,181
336.435,962.5397,147.1
336.55,962.835,134.7
336.72,963.268,0
336.85,963.57545,150.8
337.025,963.9978,100.3
337.19,964.3584,79
337.33,964.6385,140.7
337.505,965.0406,266.5
337.665,965.3832,305.9
337.81,965.67995,344.1
337.99,966.0806,174.7
338.29,966.6931,184
338.77,967.6221,152.9
339.25,968.5567,237.8
339.73,969.49615,159.8
340.21,970.44075,166
340.69,971.39165,139.4
340.868,971.7563,132.6
340.953,971.9287,136.4
341.028,972.0829,136
341.17,972.353,149.4
341.348,972.735,140.7
341.508,973.0646,132.3
341.65,973.3392,133.6
341.738,973.5325,160.5
341.883,973.8373,122.2
342.048,974.1678,103.6
342.13,974.31945,143.5
342.218,974.5166,110.1
342.363,974.8341,102.1
342.508,975.138,121.5
342.61,975.341,144.5
342.614,975.3647,105.6
342.751,975.65585,105.8
342.909,975.985,93.6
342.979,976.1416,78.5
343.09,976.35225,121.4
343.179,976.5513,82.6
343.305,976.83065,123.4
343.459,977.1438,131.6
343.57,977.3291,177.8
343.659,977.5096,140.4
343.794,977.7604,122.6
343.944,978.0402,104.4
344.05,978.2309,124
344.109,978.351,200.5
344.259,978.6371,81.2
344.364,978.8384,78.5
344.53,979.1363,133.7
344.659,979.3914,203.4
344.751,979.5679,112.3
344.851,979.7356,140.1
345,979.97515,145.5
345.056,980.0853,124.1
345.176,980.2953,397.3
345.336,980.5692,67.6
345.49,980.82075,110.2
345.626,981.0711,115.1
345.726,981.2393,123.2
345.871,981.4902,169.7
345.97,981.65315,160.5
346.056,981.821,132.5
346.101,981.9064,112.8
346.211,982.12,111.6
346.343,982.38325,105.2
346.45,982.5706,182.8
346.93,983.5256,166.7
347.41,984.562,243.6
347.89,986.02985,156.7
348.37,987.5029,133
348.85,989.4439,152.1
349.33,991.9832,88.9
349.81,994.49275,110.7
350.29,997.124,99.9
350.77,999.8531,91
351.25,1002.5455,161.6
351.73,1004.6735,128.2
352.21,1006.836,122.7
352.69,1008.724,182.8
353.17,1010.108,378.7
353.65,1011.468,403.6
354.13,1012.798,189.4
354.6,1014.087,189.3
355.09,1015.435,159.3
355.57,1016.734,123
356.05,1018.0545,121.6
356.53,1019.3625,313.2
357.01,1020.7095,126.8
357.49,1022.0565,139.5
357.97,1023.349,104.1
358.45,1024.6295,107.6
358.93,1025.917,55.8
359.41,1027.193,98.7
359.89,1028.4785,110.9
360.37,1029.7555,62.4
360.85,1030.86,159.5
361.33,1031.987,208.1
361.81,1033.197,124.3
362.29,1034.524,187.7
362.77,1035.865,233.2
363.25,1037.547,114.3
363.73,1039.368,154.3
364.21,1041.163,138.2
364.69,1043.048,255.5
365.17,1044.9455,341
365.65,1046.867,241.1
366.13,1048.8475,141.1
366.61,1050.8245,137.1
367.09,1052.7215,143
367.57,1054.5575,116.2
368.05,1056.4275,661.6
368.53,1057.9795,161.1
369.01,1059.455,145.9
369.49,1060.9025,167.1
369.97,1062.165,105.6
370.46,1063.47,184.6
370.93,1064.6585,153.4
371.41,1065.891,166.1
371.89,1067.127,177.9
372.38,1068.435,155.3
372.508,1068.786,163.5
372.628,1069.105,152.4
372.665,1069.206,159.2
372.75,1069.44,174
372.85,1069.691,165.9
372.915,1069.879,167
373.01,1070.137,154.9
373.075,1070.313,149.4
373.105,1070.394,131.2
373.155,1070.526,120.2
373.185,1070.61,118
373.235,1070.745,116.8
373.27,1070.833,117.6
373.305,1070.928,123.2
373.33,1070.9815,126.8
373.39,1071.185,123
373.425,1071.298,116.6
373.47,1071.437,111.9
373.505,1071.55,115.8
373.55,1071.688,107
373.575,1071.765,113.9
373.6,1071.847,109.1
373.63,1071.937,102.3
373.66,1072.033,103
373.715,1072.21,116.5
373.74,1072.288,113.1
373.785,1072.43,107.5
373.81,1072.4915,113.7
373.875,1072.718,119.5
373.905,1072.814,120.4
373.95,1072.96,127.7
373.98,1073.052,128.3
374.035,1073.229,138.4
374.06,1073.31,140
374.068,1073.3435,148.6
374.113,1073.479,148.6
374.143,1073.572,136
374.193,1073.736,136.2
374.218,1073.822,130.4
374.268,1073.98,135.8
374.29,1074.0235,150.9
374.348,1074.24,151.1
374.413,1074.446,152.1
374.428,1074.497,164
374.448,1074.558,154.4
374.473,1074.637,147.2
374.528,1074.816,147.1
374.553,1074.892,148.9
374.593,1075.019,156
374.623,1075.112,141.7
374.678,1075.302,131.8
374.708,1075.403,132.1
374.77,1075.5905,122.1
374.848,1075.889,141.2
374.938,1076.204,144.8
375.028,1076.516,116.3
375.093,1076.743,117.7
375.173,1077.022,135.5
375.25,1077.265,130.6
375.333,1077.586,144.2
375.408,1077.851,152.7
375.498,1078.169,145.5
375.568,1078.413,162.9
375.628,1078.619,173.6
375.73,1078.9475,178.7
375.833,1079.334,170.3
375.913,1079.607,179.5
375.993,1079.888,186.2
376.113,1080.313,177.6
376.21,1080.628,141.9
376.273,1080.878,154
376.71,1082.3705,115.4
377.17,1083.974,147
377.65,1085.6805,158
378.13,1087.39,251.2
378.61,1089.104,197.9
379.09,1090.9205,143.3
379.57,1092.736,170
381.01,1097.657,230.3
381.49,1099.193,278.1
381.97,1100.6865,153.4
382.45,1102.163,303.1
382.93,1103.561,267.9
383.41,1104.972,109.9
383.89,1106.387,104.7
384.37,1107.8825,74.2
384.85,1109.366,66.4
385.33,1110.8245,95.7
385.81,1112.277,95.9
386.29,1113.7165,202.1
386.77,1115.13,171.8
387.25,1116.524,185.8
387.73,1117.963,442.9
388.21,1119.5045,386.3
388.69,1121.068,399.5
389.17,1122.7315,186.1
389.65,1124.514,327.5
390.13,1126.2915,238.6
390.61,1128.155,151.2
391.08,1130.0035,97.6
391.57,1131.956,121.1
392.05,1134.215,220.1
392.53,1136.466,159.1
393.01,1138.702,136
393.49,1140.9635,134.1
393.97,1143.224,582.3
394.45,1145.5505,135.8
394.93,1147.931,149.4
395.41,1150.3235,123.2
395.89,1151.573,191.5
396.37,1152.7355,124.5
396.85,1153.9495,119.8
397.33,1155.3665,92.5
397.81,1156.763,85.2
398.29,1158.1845,88
398.77,1159.689,77.6
399.25,1161.17,129.2
399.73,1162.4765,177.9
400.21,1163.736,129.2
400.69,1164.9945,166.8
401.17,1166.318,99.6
401.65,1167.652,113.4
402.13,1168.989,116
402.61,1170.319,63.8
403.09,1171.658,92.8
403.57,1173.7255,66.2
404.05,1176.1315,81
404.53,1178.5075,70.3
405.01,1180.892,80.7
405.49,1183.29,116.5
405.97,1185.886,106
406.44,1189.0485,119.8
406.93,1192.373,337.3
407.41,1195.404,144.8
407.89,1198.2755,238
408.37,1201.1065,115.8
408.85,1204.319,142.4
409.33,1207.6095,198.3
409.81,1210.667,122.1
410.29,1212.519,138.3
410.77,1214.3715,127.7
411.25,1216.205,225.6
411.73,1218.0305,213.5
412.21,1219.842,116.5
412.69,1221.679,143.3
413.17,1223.527,109.4
413.65,1225.382,118.9
414.13,1227.0925,117
414.61,1228.853,148.6
415.09,1230.457,98.9
415.57,1231.831,70.4
416.05,1233.1785,70.2
416.53,1234.563,154.3
417.01,1235.9875,110.3
417.49,1237.4285,76.6
417.97,1238.823,114.4
418.45,1240.2325,71
418.93,1241.6655,81.2
419.41,1243.1465,52.6
419.89,1244.642,91.7
420.37,1246.008,390.3
420.85,1247.297,109.2
421.33,1248.5945,363.7
421.8,1250.46,176.4
422.29,1252.5975,162.6
422.77,1254.7095,179.3
423.25,1257.4135,151.3
423.73,1260.2185,150
424.21,1262.697,160.7
424.69,1265.057,121.3
425.17,1267.4395,136.6
425.65,1271.826,143.4
426.06,1276.5065,109.7
426.61,1282.7975,120.1
427.09,1285.8175,99.8
427.57,1288.729,102.1
428.05,1291.359,100.1
428.53,1293.058,116.3
