pollen_depth,pollen_age_kabp,quercus_decid,ap_minus_pinus
0.01,0.0155,0,0
0.17,0.2753,,
0.33,0.535,,
0.49,0.7949,48.0565,79.5053
0.65,1.0547,,
0.81,1.31675,48.9865,73.9865
0.97,1.5789,46.7024,71.123
1.13,1.8388,,
1.29,2.0987,,
1.45,2.8221,,
1.61,3.5675,48.5549,80.7322
1.77,4.31285,,
1.93,5.05815,,
2.09,5.80375,,
2.25,6.54905,52.6596,77.1277
2.41,7.2946,,
2.57,8.0397,,
2.73,8.4637,,
2.89,8.82445,50,69.8113
3.05,9.18375,,
3.21,9.54475,,
3.35,9.8618,,
3.49,10.1778,44.2049,59.5687
3.65,10.53835,,
3.81,10.9004,,
3.97,11.34705,,
4.13,11.8927,55.0725,69.5652
4.29,12.4375,,
4.47,13.0517,,
4.63,13.5983,,
4.79,14.1485,24.8521,38.4615
4.95,14.69385,,
5.11,15.2415,,
5.27,15.62925,,
5.43,15.8294,10.1563,20.7031
5.59,16.0288,,
5.75,16.2302,,
5.91,16.43065,,
6.07,16.63055,10.4348,16.9565
6.23,16.8302,,
6.39,17.0312,,
6.55,17.2536,,
6.71,17.5244,11.2583,25.8278
6.87,17.7941,,
7.03,18.0638,,
7.19,18.33265,,
7.35,18.6,6.20155,16.2791
7.51,18.8653,,
7.67,19.1293,,
7.81,19.3743,,
7.97,19.84275,9.06344,24.4713
8.13,20.3121,,
8.29,20.7768,,
8.45,21.2466,,
8.61,21.7145,5.57103,12.5348
8.75,22.12295,,
8.91,22.5894,,
9.07,23.0561,,
9.23,23.48575,2.83019,14.1509
9.39,23.91145,,
9.55,24.3304,,
9.71,24.7508,,
9.87,25.1749,4.83871,10.4839
10.03,25.60315,,
10.19,26.03195,,
10.35,26.4608,,
10.51,26.8357,5.22875,13.7255
10.67,27.18785,,
10.83,27.54175,,
10.99,27.8938,,
11.15,28.2461,12.6801,25.6484
11.31,28.6006,,
11.47,28.9553,,
11.63,29.31135,,
11.79,29.59315,1.71429,8
11.95,29.82315,,
12.11,30.05065,,
12.27,30.2758,,
12.43,30.5021,10.9677,16.129
12.59,30.72745,,
12.75,30.9549,,
12.91,31.1818,,
13.07,31.4786,7.38462,12
13.23,31.8607,,
13.39,32.2485,,
13.55,32.628,,
13.71,33.00755,8.22785,17.7215
13.87,33.3889,,
14.03,33.7682,,
14.19,34.1458,,
14.35,34.55765,31.6092,44.8276
14.51,35.033,,
14.67,35.50805,,
14.83,35.984,,
14.99,36.4615,3.50195,11.284
15.15,36.9426,,
15.31,37.41985,,
15.47,37.89675,,
15.63,38.32235,22.5,48.125
15.79,38.5559,,
15.95,38.78785,,
16.11,39.0205,,
16.27,39.2524,4.54545,20.7792
16.43,39.48615,,
16.59,39.71885,,
16.75,39.9504,,
17.07,40.21455,13.1274,18.9189
17.23,40.5473,,
17.39,40.87665,,
17.55,41.206,,
17.71,41.5375,7.40741,13.3903
17.87,41.8661,,
18.03,42.19505,,
18.19,42.5277,,
18.35,42.8593,12.7168,21.3873
18.51,43.25815,,
18.67,43.6548,,
18.83,44.04815,,
18.99,44.4464,21.4765,49.6644
19.15,44.84365,,
19.31,45.24115,,
19.47,45.64015,,
19.63,46.0366,5.1447,20.9003
19.79,46.44085,,
19.95,46.83995,,
20.11,47.24805,,
20.27,47.649,7.109,21.327
20.43,48.0482,,
20.59,48.43885,,
20.75,48.8416,,
20.91,49.24135,8.20513,17.9487
21.07,49.73765,,
21.23,50.2533,,
21.39,50.77675,,
21.55,51.29545,24.9275,44.9275
21.71,51.8217,,
21.87,52.35185,,
22.03,52.87105,,
22.19,53.38915,22.6804,45.3608
22.35,53.8685,,
22.51,54.3248,,
22.67,54.7786,,
22.83,55.24255,31.25,46.875
22.99,55.7086,,
23.15,56.16105,,
23.31,56.62365,,
23.47,57.08635,30.5476,46.3977
23.63,57.56985,,
23.79,58.0956,,
23.95,58.60885,,
24.11,59.1252,16.2866,30.2932
24.27,59.6509,,
24.43,60.1614,,
24.59,60.68425,,
24.75,61.20335,29.2453,48.1132
24.91,61.66485,,
25.07,62.03465,,
25.23,62.40595,,
25.39,62.7759,20.5556,37.7778
25.55,63.15475,,
25.71,63.53795,,
25.87,63.9171,,
26.03,64.2965,10.3448,21.8391
26.19,64.68625,,
26.35,65.12165,,
26.51,65.56355,,
26.67,66.0044,4.51977,14.1243
26.83,66.44165,,
26.99,66.8845,,
27.15,67.3222,,
27.31,67.76515,8.73016,26.1905
27.47,68.1964,,
27.63,68.61695,,
27.79,69.047,,
27.95,69.46685,4.96454,12.0567
28.11,69.89355,,
28.27,70.33185,,
28.43,70.7599,,
28.59,71.18815,1.50376,14.5833
28.75,71.6122,,
28.91,72.0408,,
29.07,72.4648,,
29.23,72.88285,13.3949,45.9584
29.39,73.31325,,
29.55,73.73215,,
29.71,74.15855,,
29.87,74.5871,36.5482,59.3909
30.03,75.0044,,
30.19,75.4045,,
30.35,75.80565,,
30.51,76.20125,5.90406,21.7012
30.67,76.60565,,
30.83,76.996,,
30.99,77.3943,,
31.15,77.79,19.8474,68.4478
31.31,78.18015,,
31.47,78.5292,,
31.63,78.8641,,
31.79,79.196,8.42787,21.0719
31.95,79.5348,,
32.11,79.873,,
32.26,80.19,,
32.43,80.54485,34.3629,57.1429
32.59,80.87775,,
32.75,81.2155,,
32.91,81.56275,,
33.07,81.8998,40.2116,68.254
33.23,82.2367,,
33.39,82.58285,,
33.55,82.9296,,
33.71,83.2674,54.3259,75.4667
33.87,83.6042,,
34.03,83.97765,,
34.19,84.36715,,
34.35,84.76815,48.6842,71.7105
34.51,85.17155,,
34.67,85.57615,,
34.83,85.9804,,
34.99,86.38485,21.7391,34.5756
35.15,86.7925,,
35.31,87.1898,,
35.47,87.6003,,
35.63,88.00535,9.02475,17.3217
35.79,88.42235,,
35.95,88.842,,
36.11,89.25885,,
36.27,89.6662,23.9922,37.0698
36.43,90.084,,
36.59,90.5196,,
36.75,91.04005,,
36.91,91.56205,33.5079,75.7485
37.07,92.0829,,
37.23,92.6063,,
37.39,93.1293,,
37.55,93.65285,23.7288,72
37.71,94.1788,,
37.87,94.6863,,
38.03,95.1053,,
38.19,95.5252,22.0779,66.2338
38.35,95.9476,,
38.51,96.3614,,
38.67,96.78375,,
38.83,97.21385,23.3962,77.3585
38.99,97.6264,,
39.15,98.0382,,
39.31,98.4785,,
39.47,98.91525,29.2835,76.6513
39.62,99.3242,,
39.79,99.79165,,
39.95,100.23025,,
40.11,100.67275,34.7281,75.3138
40.27,101.1139,,
40.43,101.5547,,
40.59,101.9166,,
40.75,102.2676,48.306,75.3005
40.91,102.6243,,
41.07,102.9788,,
41.23,103.3274,,
41.39,103.6874,22.3214,36.3095
41.55,104.03795,,
41.71,104.3903,,
41.87,104.745,,
42.03,105.10195,40.4,63.1651
42.19,105.4634,,
42.35,105.8263,,
42.51,106.19065,,
42.67,106.5515,48.3019,71.3208
42.83,106.9183,,
42.99,107.28075,,
43.15,107.74685,,
43.31,108.26875,16.7526,39.9485
43.47,108.7978,,
43.63,109.3262,,
43.79,109.8521,,
43.95,110.374,15.4026,33.2555
44.11,110.89445,,
44.27,111.41755,,
44.43,111.9847,,
44.59,112.60695,32.5471,64.3178
44.75,113.2272,,
44.91,113.84205,,
45.07,114.45335,,
45.23,115.0729,34.7826,74.4361
45.39,115.68635,,
45.55,116.2999,,
45.71,116.93145,,
45.87,117.5965,35.514,80.3738
46.03,118.2741,,
46.19,118.95695,,
46.35,119.6356,,
46.51,120.3088,27.5675,70.2065
46.67,120.97835,,
46.83,121.6387,,
46.99,122.29075,,
47.15,122.93015,38.4342,82.8351
47.31,123.58165,,
47.47,124.2302,,
47.62,124.8438,,
47.79,125.5389,55.5008,92.775
47.95,126.19555,,
48.11,126.85895,,
48.27,127.49935,,
48.43,128.06325,49.3903,63.5569
48.58,128.5892,,
48.75,129.18805,,
48.91,129.7491,,
49.07,130.31445,25.0923,30.6273
49.23,130.87765,,
49.39,131.44265,,
49.55,132.00725,,
49.71,132.48695,20.1389,31.25
49.87,132.97415,,
50.03,133.4648,,
50.19,133.9441,,
50.35,134.42155,18.4109,26.1628
50.5,134.8703,,
50.67,135.37915,,
50.83,135.84825,,
50.99,136.29045,15.5173,29
51.15,136.7294,,
51.32,137.20285,,
51.47,137.6156,,
51.63,138.05365,5.7971,17.734
51.79,138.48785,,
51.95,138.91755,,
52.11,139.34885,,
52.27,139.8283,19.8198,40.5405
52.43,140.18325,,
52.59,140.6,,
52.75,141.0299,,
52.91,141.4523,6.20155,21
53.05,141.81955,,
53.23,142.2965,,
53.39,142.70895,,
53.57,143.17425,7.95454,22.1154
53.71,143.53125,,
53.87,143.947,,
54.03,144.3748,,
54.17,144.7371,5.88236,15.6863
54.35,145.2081,,
54.51,145.62215,,
54.67,146.0422,,
54.83,146.4431,4.1958,20.9302
54.99,146.84635,,
55.15,147.2443,,
55.3,147.6271,,
55.47,148.05,4.95868,19.5122
55.63,148.4562,,
55.79,148.85995,,
55.93,149.21675,,
56.11,149.6383,3.84615,14.7208
56.27,149.96005,,
56.43,150.29055,,
56.59,150.62295,,
56.75,150.95055,2.24719,17.0854
56.91,151.27805,,
57.07,151.6126,,
57.23,151.93595,,
57.39,152.27495,10.7382,29.4372
57.55,152.62205,,
57.71,152.979,,
57.87,153.3319,,
58.03,153.68925,2.1978,13.3721
58.19,154.05215,,
58.35,154.4122,,
58.51,154.77425,,
58.67,155.1083,3.27868,12.381
58.83,155.31105,,
58.99,155.5102,,
59.15,155.70525,,
59.31,155.9085,3.75,14.554
59.47,156.1057,,
59.63,156.3082,,
59.79,156.507,,
59.95,156.70415,1.97044,13.6691
60.11,156.88215,,
60.27,157.05425,,
60.43,157.23255,,
60.59,157.4118,4.87804,9.47867
60.75,157.5916,,
60.91,157.7673,,
61.07,157.94645,,
61.23,158.1221,7.0707,18.9815
61.39,158.31055,,
61.55,158.50695,,
61.685,158.66765,,
61.87,158.88815,1.85185,11.2088
62.03,159.07765,,
62.19,159.267,,
62.35,159.4586,,
62.51,159.64295,5,13
62.67,159.85735,,
62.83,160.0753,,
62.99,160.3015,,
63.15,160.51735,2.33645,16.8224
63.31,160.7351,,
63.47,160.9512,,
63.63,161.165,,
63.79,161.375,4.73933,13.7441
63.95,161.59345,,
64.11,161.8146,,
64.27,162.04245,,
64.43,162.26125,4.81283,17.6471
64.59,162.48345,,
64.75,162.7037,,
64.91,162.97395,,
65.07,163.14255,5.7971,16.9082
65.23,163.3721,,
65.39,163.62625,,
65.55,163.87355,,
65.71,164.12255,3.53535,21.2121
65.87,164.3747,,
66.03,164.62605,,
66.19,164.87885,,
66.35,165.1314,2.89855,16.9082
66.51,165.3819,,
66.67,165.6326,,
66.83,165.88085,,
66.99,166.1286,2.98507,16.9154
67.15,166.38655,,
67.31,166.6318,,
67.47,166.87785,,
67.63,167.1151,15.1961,42.6471
67.79,167.35315,,
67.95,167.58645,,
68.11,167.81605,,
68.27,168.0568,7.8125,20.3125
68.43,168.28955,,
68.59,168.52645,,
68.75,168.76855,,
68.91,169.00535,4.9505,15.8416
69.07,169.2405,,
69.23,169.4674,,
69.39,169.69375,,
69.55,169.9233,6.73575,20.2073
69.71,170.1474,,
69.87,170.37495,,
70.03,170.60225,,
70.19,170.82795,3.90244,12.1951
70.35,171.06235,,
70.51,171.27055,,
70.67,171.48925,,
70.84,171.721,3.53535,13.6364
70.99,171.9305,,
71.15,172.15965,,
71.31,172.37985,,
71.47,172.60685,5.72917,19.2708
71.63,172.8293,,
71.79,173.06695,,
71.95,173.3122,,
72.11,173.55185,5.47264,17.4129
72.27,173.80005,,
72.43,174.04545,,
72.59,174.2874,,
72.75,174.53755,7.1066,25.3807
72.91,174.7837,,
73.07,175.0121,,
73.23,175.2361,,
73.39,175.45855,14.5,32.5
73.55,175.68815,,
73.71,175.91625,,
73.87,176.14535,,
74.03,176.3753,5.64103,28.2051
74.19,176.6028,,
74.35,176.81905,,
74.51,177.01975,,
74.67,177.2208,12.234,26.5957
74.83,177.42355,,
74.99,177.62975,,
75.15,177.83145,,
75.31,178.0325,7.8125,19.7917
75.47,178.23755,,
75.63,178.44555,,
75.79,178.65765,,
75.95,178.87145,7.34463,16.3842
76.11,179.08555,,
76.27,179.29735,,
76.43,179.513,,
76.59,179.724,12.6904,30.4569
76.75,179.93555,,
76.91,180.161,,
77.07,180.4006,,
77.23,180.6387,23.4637,37.4302
77.39,180.8834,,
77.55,181.12455,,
77.71,181.36795,,
77.87,181.6072,8.71795,25.641
78.03,181.84395,,
78.19,182.08615,,
78.35,182.35795,,
78.51,182.6283,10.3139,30.4933
78.67,182.89735,,
78.83,183.16725,,
78.99,183.4325,,
79.15,183.69415,10.3627,26.943
79.31,183.956,,
79.47,184.21135,,
79.63,184.42955,,
79.79,184.65405,1.60428,13.369
79.95,184.87935,,
80.11,185.09695,,
80.27,185.31855,,
80.43,185.53835,17.765,41.2607
80.59,185.76295,,
80.75,185.9784,,
80.91,186.242,,
81.07,186.5075,44.385,80.4813
81.23,186.776,,
81.39,187.0456,,
81.55,187.31515,,
81.71,187.577,36.5079,70.4762
81.87,187.84465,,
82.03,188.11895,,
82.19,188.3675,,
82.34,188.5998,13.3145,32.5779
82.51,188.862,,
82.67,189.1071,,
82.83,189.3572,,
82.99,189.60765,17.8392,48.995
83.15,189.8421,,
83.31,190.0853,,
83.47,190.3264,,
83.63,190.5697,14.2466,37.2603
83.79,190.79795,,
83.95,191.03475,,
84.11,191.27445,,
84.27,191.51695,14.3836,40.411
84.43,191.75385,,
84.59,191.99575,,
84.75,192.23485,,
84.91,192.4736,16.5414,39.0977
85.07,192.7117,,
85.23,192.9428,,
85.39,193.18855,,
85.55,193.4274,8.85714,33.7143
85.72,193.6751,,
85.87,193.9038,,
86.03,194.15385,,
86.19,194.4242,6.07287,95.9514
86.35,194.6879,,
86.51,194.9647,,
86.67,195.2341,,
86.83,195.50855,12.4669,35.809
86.99,195.77885,,
87.15,196.0469,,
87.31,196.3344,,
87.47,196.65175,16.9591,33.9181
87.63,196.96905,,
87.79,197.28775,,
87.95,197.6049,,
88.11,197.91425,28.5714,51.7857
88.27,198.2315,,
88.43,198.55195,,
88.59,198.8571,,
88.75,199.13565,22.6744,34.8837
88.91,199.4142,,
89.07,199.69495,,
89.23,199.97505,,
89.39,200.24835,48.6239,70.6422
89.55,200.53475,,
89.71,200.80775,,
89.87,201.08675,,
90.03,201.3574,53.3089,70.2206
90.19,201.6211,,
90.35,201.8892,,
90.51,202.15925,,
90.67,202.4313,41.0139,68.6636
90.83,202.70185,,
90.99,202.97095,,
91.15,203.2414,,
91.31,203.52945,41.2301,58.7699
91.47,203.82685,,
91.63,204.1151,,
91.79,204.4038,,
91.95,204.69755,0.339559,32.7674
92.11,204.992,,
92.27,205.29295,,
92.43,205.5799,,
92.59,206.1052,0.833333,89.2116
92.75,206.6666,,
92.91,207.2228,,
93.07,207.7762,,
93.23,208.3335,9.41935,86.3226
93.39,208.88755,,
93.55,209.4367,,
93.71,209.98665,,
93.87,210.4645,22.4756,84.3648
94.03,210.91215,,
94.19,211.36655,,
94.35,211.80895,,
94.51,212.25745,19.2394,74.4966
94.67,212.707,,
94.83,213.15215,,
94.99,213.60565,,
95.15,214.11995,23.4375,76.6355
95.31,214.69655,,
95.47,215.262,,
95.63,215.83,,
95.79,216.40255,39.4881,75.5027
95.96,217.0072,,
96.11,217.5321,,
96.27,218.0837,,
96.43,218.6878,26.6941,44.3763
96.59,219.3229,,
96.75,219.96755,,
96.91,220.60025,,
97.07,221.25125,11.5993,34.2707
97.23,221.9039,,
97.39,222.56495,,
97.55,223.22525,,
97.71,223.793,14.8148,45.8333
97.87,224.2072,,
98.03,224.6245,,
98.19,225.0413,,
98.35,225.4518,9.25926,36.1111
98.51,225.8651,,
98.67,226.2721,,
98.83,226.67465,,
98.99,227.05845,34.1991,60.6061
99.15,227.38715,,
99.31,228.0273,,
99.47,228.04815,,
99.63,228.3832,10.3093,20.1031
99.79,228.71405,,
99.95,229.04555,,
100.11,229.3789,,
100.27,229.711,28.3334,69.5833
100.43,230.04945,,
100.59,230.39835,,
100.75,230.7385,,
100.91,231.08715,20.7964,38.4956
101.07,231.43975,,
101.23,231.78505,,
101.39,232.11785,,
101.55,232.4559,6.04396,15.9341
101.71,232.80485,,
101.87,233.15105,,
102.03,233.50355,,
102.19,233.8522,30.0971,64.0777
102.35,234.19755,,
102.51,234.5446,,
102.67,234.8896,,
102.83,235.2372,15.4639,73.1959
102.99,235.56605,,
103.15,235.8805,,
103.31,236.20655,,
103.47,236.51855,32.1544,76.8489
103.63,236.8427,,
103.79,237.1628,,
103.95,237.48195,,
104.11,237.7998,29.0124,64.8148
104.27,238.15725,,
104.43,238.5312,,
104.59,238.89825,,
104.75,239.26705,45.6522,85.0242
104.9,239.6046,,
105.07,239.9861,,
105.23,240.35005,,
105.39,240.7127,64.1115,84.4367
105.55,241.02585,,
105.71,241.32175,,
105.87,241.61035,,
106.03,241.91665,21.0084,26.8908
106.19,242.2081,,
106.35,242.5091,,
106.51,242.80545,,
106.67,243.1036,4.95049,21.4521
106.83,243.408,,
106.99,243.72885,,
107.15,244.04245,,
107.31,244.37275,3.74707,21.7799
107.47,244.70255,,
107.63,245.0279,,
107.79,245.3591,,
107.95,245.693,4.13534,16.1654
108.11,246.01505,,
108.27,246.31985,,
108.43,246.6271,,
108.59,246.9352,9.73154,34.5638
108.75,247.24815,,
108.91,247.55365,,
109.07,247.86345,,
109.23,248.18005,0,0
109.39,248.5157,,
109.55,248.9041,,
109.71,249.2954,,
109.87,249.68525,8.33334,35.0694
110.03,250.0693,,
110.19,250.43815,,
110.35,250.82265,,
110.51,251.1956,4.51128,27.8195
110.67,251.58405,,
110.83,251.9927,,
110.99,252.41125,,
111.15,252.8258,5.65371,32.5088
111.31,253.24045,,
111.47,253.6584,,
111.63,254.07265,,
111.79,254.4933,3.19634,21.4612
111.95,254.9009,,
112.11,255.36515,,
112.27,255.83075,,
112.43,256.29085,4.91803,25
112.59,256.7648,,
112.75,257.2241,,
112.91,257.68135,,
113.07,258.1437,3.80228,26.616
113.23,258.59705,,
113.39,259.09145,,
113.55,259.585,,
113.71,260.07335,2.35849,18.8679
113.87,260.56465,,
114.03,261.06125,,
114.19,261.5409,,
114.35,262.0322,4.32099,16.6667
114.52,262.5441,,
114.67,262.942,,
114.83,263.3548,,
114.99,263.7639,0,0
115.15,264.1779,,
115.31,264.5836,,
115.47,264.99575,,
115.63,265.41485,2.82685,15.5477
115.79,265.83265,,
115.95,266.22145,,
116.11,266.6249,,
116.27,267.02265,5.51725,24.1379
116.43,267.4253,,
116.59,267.8192,,
116.75,268.2159,,
116.91,268.6173,0,0
117.07,269.01135,,
117.23,269.42335,,
117.39,269.8385,,
117.57,270.3201,4.3307,18.5039
117.71,270.6835,,
117.87,271.10325,,
118.03,271.5242,,
118.19,271.95225,1,21
118.35,272.37625,,
118.51,272.78525,,
118.67,273.1653,,
118.83,273.55205,4.33071,20.8661
118.99,273.9399,,
119.15,274.3203,,
119.31,274.6959,,
119.46,275.12945,2.88066,14.8148
119.63,275.45795,,
119.79,275.828,,
119.95,276.17295,,
120.11,276.5199,1.78571,27.6786
120.27,276.86995,,
120.43,277.2131,,
120.59,277.556,,
120.75,277.89115,1.40845,12.6761
120.91,278.2357,,
121.07,278.57965,,
121.23,278.93515,,
121.39,279.29375,1.07527,17.2043
121.55,279.65125,,
121.71,280.0096,,
121.87,280.3717,,
122.03,280.7247,0.738007,9.9631
122.19,281.08065,,
122.35,281.43105,,
122.51,281.76635,,
122.67,282.10625,3.62903,31.4516
122.83,282.43835,,
122.99,282.77925,,
123.15,283.1134,,
123.31,283.4576,1.70068,17.6871
123.47,283.80325,,
123.63,284.1448,,
123.79,284.5643,,
123.95,284.9992,4.71976,41.0029
124.11,285.43095,,
124.27,285.8525,,
124.43,286.28235,,
124.59,286.71635,5.92335,37.9791
124.75,287.14585,,
124.91,287.5801,,
125.07,288.0089,,
125.23,288.4365,33.8871,77.4086
125.39,288.8618,,
125.55,289.28545,,
125.71,289.71075,,
125.87,290.13465,58.1081,83.2432
126.03,290.5524,,
126.19,290.96615,,
126.35,291.3565,,
126.51,291.7247,47.4801,77.1883
126.67,292.10125,,
126.83,292.4742,,
126.99,292.8552,,
127.15,293.2335,33.4559,45.5882
127.31,293.612,,
127.47,293.9926,,
127.63,294.3704,,
127.79,294.7364,17.1014,33.0435
127.95,295.10575,,
128.11,295.48955,,
128.27,295.8722,,
128.43,296.25155,17.9487,31.0897
128.59,296.63245,,
128.75,297.00465,,
128.91,297.3512,,
129.06,297.6403,31.1111,54.8148
129.23,297.9625,,
129.39,298.26905,,
129.55,298.5718,,
129.71,298.88055,52.0548,83.5616
129.87,299.17115,,
130.03,299.46765,,
130.19,299.75655,,
130.35,300.04145,14.375,43.125
130.51,300.3285,,
130.67,300.6178,,
130.83,300.90685,,
130.99,301.1976,0,0
131.15,301.49,,
131.31,301.77605,,
131.47,302.06125,,
131.63,302.36375,11.8919,32.4324
131.79,302.661,,
131.95,302.966,,
132.11,303.2657,,
132.28,303.58165,29.8611,71.5278
132.43,303.8612,,
132.59,304.15405,,
132.75,304.455,,
132.91,304.78535,34.4828,62.069
133.07,305.1204,,
133.23,305.44965,,
133.39,305.78205,,
133.55,306.112,16.312,68.7943
133.71,306.4449,,
133.87,306.7705,,
134.03,307.1086,,
134.19,307.43015,12.8571,66.4286
134.35,307.76175,,
134.51,308.0942,,
134.66,308.4025,,
134.83,308.75555,27.4854,73.0994
134.99,309.08065,,
135.15,309.4116,,
135.31,309.74265,,
135.47,310.04175,5.9761,24.7012
135.63,310.331,,
135.79,310.62165,,
135.95,310.9071,,
136.12,311.21735,35.8974,68.5897
136.27,311.4806,,
136.43,311.77455,,
136.59,312.0641,,
136.75,312.35545,38.0711,71.5736
136.91,312.6569,,
137.07,312.95835,,
137.23,313.25785,,
137.39,313.56065,46.332,81.8533
137.55,313.8567,,
137.71,314.16345,,
137.87,314.46365,,
138.03,314.76275,57.9861,83.6806
138.19,315.0649,,
138.35,315.3717,,
138.51,315.68395,,
138.67,315.9959,54.1199,79.4007
138.83,316.3031,,
138.99,316.6112,,
139.15,316.91885,,
139.31,317.2494,39.5105,63.986
139.46,317.59765,,
139.63,317.9889,,
139.79,318.3591,,
139.95,318.73285,23.7864,45.1456
140.11,319.1068,,
140.27,319.48555,,
140.43,319.85585,,
140.59,320.2302,12.9032,39.5161
140.75,320.62165,,
140.91,321.0116,,
141.07,321.4072,,
141.23,321.79765,18.75,66.5441
141.39,322.18325,,
141.55,322.57545,,
141.71,322.9683,,
141.87,323.3653,31.5151,73.9394
142.03,323.82775,,
142.19,324.28965,,
142.35,324.75385,,
142.51,325.2132,33.1429,73.7143
142.67,325.66485,,
142.83,326.1176,,
142.99,326.56855,,
143.15,327.01535,54.7469,91.4557
143.31,327.5073,,
143.47,327.9855,,
143.63,328.4736,,
143.79,328.9673,36.9319,90.3409
143.95,329.454,,
144.11,329.93925,,
144.27,330.42695,,
144.43,330.91875,35.6757,64.8649
144.59,331.39635,,
144.75,331.88715,,
144.91,332.3643,,
145.07,332.8423,25.9741,50
145.23,333.33115,,
145.39,333.8121,,
145.55,334.2876,,
145.71,334.77375,14.2857,23.0769
145.87,335.2702,,
146.03,335.77745,,
146.19,336.2892,,
146.35,336.7928,16.3522,32.7044
146.51,337.30115,,
146.67,337.80575,,
146.83,338.31065,,
146.99,338.8096,18,32
147.15,339.3434,,
147.31,339.89595,,
147.48,340.48215,,
147.63,340.9967,9.44882,37.4016
147.79,341.5446,,
147.95,342.09015,,
148.11,342.6358,,
148.27,343.1826,6.80851,33.1915
148.43,343.7141,,
148.59,344.24125,,
148.75,344.75995,,
148.91,345.28855,1.53061,19.898
149.07,345.8169,,
149.23,346.34905,,
149.39,346.8788,,
149.55,347.39635,8.96552,33.1034
149.71,347.90875,,
149.87,348.40225,,
150.03,348.89815,,
150.19,349.3897,12.1213,44.9495
150.35,349.89375,,
150.51,350.39075,,
150.67,350.89305,,
150.83,351.3808,16.3462,48.5577
150.99,351.88565,,
151.15,352.4045,,
151.31,352.92395,,
151.47,353.43845,6.43776,34.3348
151.63,353.9593,,
151.79,354.48335,,
151.95,355.00015,,
152.11,355.5178,12,27.1111
152.26,356.0111,,
152.43,356.5779,,
152.59,357.123,,
152.75,357.66595,33.0144,61.244
152.91,358.21055,,
153.07,358.75385,,
153.23,359.30555,,
153.39,359.8555,10.6383,38.2979
153.55,360.4023,,
153.71,360.9415,,
153.87,361.47335,,
154.03,362.00405,6.89655,30.6034
154.19,362.5343,,
154.35,363.0618,,
154.51,363.59195,,
154.67,364.12535,6.95652,40.8696
154.83,364.65505,,
154.99,365.06565,,
155.15,365.45995,,
155.31,365.85845,5.77777,34.2222
155.47,366.25825,,
155.63,366.6583,,
155.79,367.05725,,
155.95,367.45815,1.22699,13.1902
156.11,367.84965,,
156.27,368.35325,,
156.43,368.8783,,
156.59,369.3984,2.94117,24.1176
156.75,369.9211,,
156.91,370.44375,,
157.07,370.9706,,
157.23,371.4994,4.24837,34.3137
157.38,371.9883,,
157.55,372.6361,,
157.71,373.3061,,
157.87,373.96795,15.7377,46.5574
158.03,374.62725,,
158.19,375.2954,,
158.35,375.9667,,
158.51,376.64275,3.1348,11.2853
158.67,377.30675,,
158.83,378.0665,,
158.99,378.9262,,
159.15,379.78525,8.1571,31.1178
159.31,380.6409,,
159.47,381.50295,,
159.63,382.3495,,
159.79,383.21115,3.28947,15.1316
159.95,384.0588,,
160.11,384.86595,,
160.27,385.6031,,
160.43,386.3481,20.5211,49.5114
160.59,387.09385,,
160.75,387.841,,
160.91,388.59775,,
161.07,389.3464,10.1156,17.6301
161.23,390.1082,,
161.39,390.81085,,
161.55,391.35585,,
161.71,391.9041,6.73077,16.3462
161.86,392.41695,,
162.03,392.99755,,
162.19,393.5424,,
162.35,394.0871,2.64901,11.9205
162.51,394.62695,,
162.67,395.1329,,
162.83,395.4648,,
162.99,395.78325,17.9153,38.4365
163.15,396.1117,,
163.31,396.43445,,
163.47,396.75735,,
163.63,397.0735,18.2411,38.1107
163.79,397.39355,,
163.95,397.70585,,
164.11,398.08495,,
164.27,398.4591,30.6306,68.4685
164.43,398.8339,,
164.59,399.21495,,
164.75,399.58975,,
164.91,399.9663,42.4623,64.8241
165.07,400.3559,,
165.23,400.73185,,
165.39,401.1312,,
165.55,401.5419,10.231,22.4422
165.71,401.95085,,
165.87,402.36755,,
166.03,402.7695,,
166.19,403.17765,35.4037,73.2919
166.35,403.5865,,
166.51,403.9978,,
166.67,404.496,,
166.83,405.0244,37.0656,74.1313
167,405.5974,,
167.15,406.1073,,
167.31,406.6441,,
167.47,407.1875,17.1253,30.581
167.63,407.72485,,
167.79,408.25975,,
167.95,408.6852,,
168.11,409.05175,27.3312,66.881
168.27,409.41975,,
168.43,409.7908,,
168.59,410.16675,,
168.75,410.5428,35.0819,66.2295
168.91,410.9239,,
169.07,411.3001,,
169.23,411.7322,,
169.39,412.21305,30.2941,72.9412
169.55,412.69975,,
169.71,413.18695,,
169.87,413.6736,,
170.03,414.16015,44,76.6667
170.19,414.6485,,
170.35,415.13255,,
170.51,415.5743,,
170.67,415.96885,50,76.9231
170.83,416.36185,,
170.99,416.7494,,
171.15,417.13645,,
171.31,417.52195,46.0064,75.0799
171.47,417.91265,,
171.63,418.2996,,
171.79,418.71425,,
171.95,419.20655,45.8689,81.1966
172.11,419.70805,,
172.27,420.21275,,
172.43,420.7132,,
172.59,421.20705,38.3481,75.5162
172.75,421.7098,,
172.91,422.20735,,
173.07,422.6839,,
173.23,423.1112,32.899,74.2671
173.39,423.5314,,
173.55,423.95295,,
173.71,424.37395,,
173.87,424.79225,60.3278,80.9836
174.03,425.2159,,
174.19,425.644,,
174.35,426.0682,,
174.51,426.56155,19.3846,36.9231
174.66,427.00885,,
174.83,427.53195,,
174.99,428.0157,,
175.15,428.5015,2.31023,8.25083
175.31,428.9941,,
175.47,429.49525,,
175.63,429.98145,,
175.79,430.43495,0,1.88679
175.95,430.87545,,
176.11,431.3223,,
176.27,431.77375,,
176.43,432.2262,0.606061,9.09091
176.59,432.683,,
176.75,433.1373,,
176.91,433.5913,,
177.07,434.3699,0,7.07395
177.23,435.25475,,
177.39,436.12805,,
177.55,437.0129,,
177.71,437.89185,0,3.48101
177.87,438.7745,,
178.03,439.65095,,
178.19,440.5319,,
178.35,441.30195,0.292398,7.30994
178.51,442.0099,,
178.67,442.7299,,
178.83,443.4414,,
178.99,444.149,6.47249,14.5631
179.15,444.8733,,
179.31,445.59535,,
179.47,446.32245,,
179.63,446.9891,3.31126,8.9404
179.79,447.59205,,
179.95,448.2016,,
180.11,448.81705,,
180.27,449.43795,2.23642,9.26518
180.43,450.0556,,
180.59,450.6738,,
180.75,451.2881,,
180.91,451.9229,1.91257,13.1148
181.07,452.5985,,
181.21,453.1935,,
181.39,453.95845,,
181.55,454.6388,1.63935,13.7705
181.71,455.3182,,
181.87,455.9965,,
182.03,456.6758,,
182.19,457.28935,16.2251,41.7219
182.35,457.72525,,
182.51,458.16445,,
182.67,458.6094,,
182.83,459.05375,31.1728,49.0741
182.99,459.48755,,
183.15,459.9206,,
183.31,460.3573,,
183.47,460.78305,4.9505,10.8911
183.63,461.2,,
183.79,461.6229,,
183.95,462.0431,,
184.11,462.4634,9.45273,18.9055
184.27,462.8835,,
184.43,463.3066,,
184.59,463.7216,,
184.75,464.14855,13.2701,24.1706
184.91,464.6413,,
185.07,465.14675,,
185.23,465.64905,,
185.39,466.1512,23.5577,40.3846
185.55,466.65585,,
185.71,467.1645,,
185.87,467.6749,,
186.03,468.175,11.7647,22.1719
186.19,468.5868,,
186.35,468.98015,,
186.51,469.38115,,
186.67,469.78485,13.0045,21.0762
186.83,470.18015,,
186.99,470.57495,,
187.15,470.9688,,
187.31,471.366,15.2672,27.0992
187.47,471.7191,,
187.63,472.05275,,
187.79,472.3962,,
187.95,472.73835,6.10328,15.493
188.11,473.07915,,
188.27,473.4213,,
188.43,473.7622,,
188.59,474.1085,11.0553,18.0905
188.75,474.47235,,
188.91,474.8409,,
189.07,475.21015,,
189.23,475.58765,38.2489,56.2212
189.39,475.949,,
189.55,476.3302,,
189.71,476.6982,,
189.87,477.062,13.7931,28.0788
190.03,477.44355,,
190.19,477.83445,,
190.35,478.22205,,
190.51,478.6172,11.5385,25
190.67,479.0058,,
190.83,479.39735,,
190.99,479.7858,,
191.15,480.1774,23.3831,51.2438
191.31,480.5247,,
191.47,480.8448,,
191.63,481.1385,,
191.79,481.4401,19.4312,27.0142
191.95,481.74835,,
192.11,482.0485,,
192.27,482.35415,,
192.43,482.6582,10.5,21
192.59,482.9697,,
192.75,483.36555,,
192.91,483.74375,,
193.07,484.1295,17.7778,75.5556
193.23,484.51065,,
193.39,484.89575,,
193.55,485.28425,,
193.71,485.66515,42.7027,65.4054
193.87,486.04705,,
194.03,486.4407,,
194.19,486.82665,,
194.35,487.2209,45.6731,68.75
194.51,487.6098,,
194.67,487.99245,,
194.83,488.37875,,
194.99,488.75735,48.5149,71.7822
195.15,489.14075,,
195.31,489.573,,
195.47,490.00255,,
195.63,490.4421,54.4601,82.6291
195.79,490.88065,,
195.95,491.3261,,
196.11,491.77025,,
196.27,492.19595,42.5415,85.0829
196.43,492.62375,,
196.59,493.23035,,
196.75,493.86375,,
196.91,494.49415,16.3399,93.4641
197.07,495.12975,,
197.23,495.7652,,
197.39,496.39585,,
197.55,497.0151,16.8605,80.814
197.71,497.639,,
197.87,498.285,,
198.03,498.9346,,
198.19,499.5791,24.7368,83.1579
198.35,500.23075,,
198.51,500.877,,
198.67,501.5299,,
198.83,502.18295,23.1156,87.4372
198.99,502.8309,,
199.15,503.6783,,
199.31,504.63,,
199.47,505.58365,42.3488,87.5445
199.63,506.547,,
199.79,507.50365,,
199.95,508.4658,,
200.11,509.4285,53.3597,81.0277
200.27,510.3913,,
200.43,511.17615,,
200.59,511.8025,,
200.75,512.42375,55.5556,83.3333
200.91,513.0525,,
201.07,513.68165,,
201.23,514.31115,,
201.39,514.93715,44.0678,79.661
201.55,515.5703,,
201.71,516.14935,,
201.87,516.66345,,
202.03,517.1798,34.6154,74.0385
202.19,517.6994,,
202.35,518.22545,,
202.51,518.7368,,
202.67,519.2524,25.1852,78.5185
202.83,519.75345,,
202.99,520.28325,,
203.15,520.8651,,
203.31,521.44665,25.3012,81.9277
203.47,522.02395,,
203.63,522.60045,,
203.79,523.19415,,
203.95,523.78255,28,82.6667
204.11,524.3659,,
204.27,524.94795,,
204.43,525.5389,,
204.59,526.12985,29.4606,84.6473
204.82,526.9872,,
204.91,527.31965,,
205.07,527.91965,,
205.23,528.51715,37.5546,86.0262
205.39,529.1048,,
205.55,529.69885,,
205.71,530.05105,,
205.87,530.4084,36.1702,76.5957
206.03,530.76485,,
206.19,531.1238,,
206.35,531.488,,
206.51,531.8524,49.2147,78.534
206.67,532.209,,
206.83,532.56985,,
206.99,532.85655,,
207.15,533.14995,47.9167,65.2778
207.31,533.43385,,
207.47,533.72535,,
207.63,534.01105,,
207.79,534.3044,34.9206,50.5669
207.95,534.59495,,
208.11,534.8724,,
208.27,535.1694,,
208.43,535.4705,3.16206,8.69565
208.59,535.7722,,
208.75,536.074,,
208.92,536.4041,,
209.07,536.6868,36.7742,54.1935
209.23,536.9947,,
209.39,537.2918,,
209.55,537.7978,,
209.71,538.4114,4.92611,12.8079
209.88,539.06215,,
210.03,539.63835,,
210.19,540.23915,,
210.35,540.85055,23.6842,36.8421
210.51,541.4496,,
210.67,542.06175,,
210.83,542.60595,,
210.99,543.10225,30.581,57.1865
211.15,543.61025,,
211.32,544.1272,,
211.47,544.6044,,
211.63,545.1025,36.4217,57.1885
211.79,545.60625,,
211.95,546.1082,,
212.11,546.622,,
212.27,547.15765,16.7183,33.1269
212.43,547.69605,,
212.59,548.24255,,
212.75,548.7871,,
212.91,549.32675,34.5277,53.0945
213.07,549.8592,,
213.23,550.39945,,
213.39,550.92305,,
213.55,551.427,28.9474,44.7368
213.71,551.95075,,
213.87,552.4734,,
214.03,552.9969,,
214.19,553.5221,34.1463,46.3415
214.35,554.04025,,
214.51,554.5663,,
214.67,555.07305,,
214.83,555.55185,23.301,41.7476
214.99,556.02435,,
215.15,556.48975,,
215.31,556.96775,,
215.47,557.4369,20.8333,34.2593
215.63,557.90385,,
215.79,558.37905,,
215.95,559.03995,,
216.11,559.28565,46.0905,72.0165
216.27,559.7229,,
216.43,560.1673,,
216.59,560.61935,,
216.75,561.0679,24.6777,42.1731
216.91,561.5077,,
217.07,561.9498,,
217.23,562.37925,,
217.39,562.73415,23.2365,33.195
217.55,563.07465,,
217.71,563.41775,,
217.87,563.7593,,
218.03,564.10265,52.6863,75.7366
218.19,564.4442,,
218.35,564.7746,,
218.51,565.1024,,
218.67,565.42795,25.1816,39.4673
218.83,565.7554,,
218.99,566.0885,,
219.15,566.42,,
219.31,566.74525,15.1515,27.2727
219.47,567.07045,,
219.63,567.39395,,
219.79,567.71365,,
219.95,568.052,10.0917,21.1009
220.11,568.4009,,
220.27,568.74265,,
220.43,569.09265,,
220.59,569.4432,40.2597,73.3766
220.75,569.7897,,
220.91,570.1373,,
221.07,570.47795,,
221.23,570.84265,33.6134,74.2297
221.39,571.1993,,
221.55,571.5694,,
221.71,571.9412,,
221.87,572.3065,35.7895,83.6842
222.03,572.67605,,
222.19,573.05405,,
222.35,573.41525,,
222.51,573.78985,37.4165,81.7372
222.67,574.15015,,
222.83,574.52705,,
222.99,574.8886,,
223.15,575.2536,56.3559,92.3729
223.31,575.618,,
223.47,575.98895,,
223.63,576.3543,,
223.79,576.71055,41.3483,89.6629
223.95,577.06965,,
224.11,577.4314,,
224.27,577.79305,,
224.43,578.1673,63.1579,90.4605
224.59,578.5267,,
224.75,578.8938,,
224.91,579.25365,,
225.07,579.6153,68.5714,91.4286
225.23,579.9381,,
225.39,580.26465,,
225.55,580.59365,,
225.71,580.9183,63.7749,79.8359
225.87,581.24335,,
226.03,581.57255,,
226.19,581.89535,,
226.35,582.2212,51.2048,58.7349
226.51,582.5557,,
226.67,582.8992,,
226.83,583.24005,,
226.99,583.5847,36.2712,45.4237
227.15,583.9289,,
227.31,584.2766,,
227.47,584.61625,,
227.63,584.9619,17.5047,30.3538
227.79,585.38045,,
227.95,585.81895,,
228.11,586.2534,,
228.27,586.69265,22.8013,29.6417
228.43,587.13365,,
228.59,587.5664,,
228.75,588.0022,,
228.91,588.4251,50,58.0153
229.07,588.8264,,
229.23,589.2035,,
229.39,589.5949,,
229.55,589.97775,58.7699,72.6651
229.71,590.3667,,
229.87,590.74765,,
230.03,591.13035,,
230.18,591.4877,59.3361,72.6141
230.35,591.9272,,
230.51,592.35485,,
230.67,592.7845,,
230.83,593.21825,30.5296,77.5701
230.99,593.65765,,
231.15,594.0975,,
231.31,594.52335,,
231.47,594.951,26.0586,33.5601
231.64,595.4854,,
231.79,595.92235,,
231.95,596.4353,,
232.11,596.94565,46.7492,61.9195
232.27,597.45335,,
232.43,597.9652,,
232.59,598.4715,,
232.75,598.9856,11.2179,21.7949
232.91,599.45785,,
233.07,599.8832,,
233.23,600.3029,,
233.39,600.72555,54.1667,66.3462
233.55,601.14345,,
233.71,601.57185,,
233.87,601.9991,,
234.03,602.4342,28.7129,35.6436
234.19,602.8536,,
234.35,603.25135,,
234.51,603.652,,
234.66,604.0267,26.8437,34.8083
234.83,604.4551,,
234.99,604.8601,,
235.15,605.26355,,
235.31,605.67075,51.2903,60.9677
235.47,606.0729,,
235.63,606.5253,,
235.79,606.98215,,
235.95,607.4306,50.2994,68.2635
236.11,607.87625,,
236.27,608.31655,,
236.43,608.75265,,
236.59,609.19405,54.2274,70.8455
236.75,609.63105,,
236.91,610.0022,,
237.07,610.3701,,
237.23,610.73605,47.0219,68.652
237.39,611.11055,,
237.55,611.482,,
237.71,611.85805,,
237.87,612.2341,27.957,88.172
238.03,612.6025,,
238.19,612.97645,,
238.35,613.35245,,
238.51,613.72475,18.3099,83.0986
238.67,614.09885,,
238.83,614.46765,,
238.99,614.83935,,
239.15,615.21215,15.3846,85.7988
239.31,615.57945,,
239.47,615.96355,,
239.63,616.34705,,
239.79,616.73505,26.4706,79.4118
239.95,617.118,,
240.11,617.49935,,
240.27,617.89585,,
240.43,618.28375,47.2727,78.6364
240.59,618.6618,,
240.75,619.0362,,
240.91,619.3974,,
241.07,619.757,49.8282,67.354
241.23,620.12035,,
241.39,620.48455,,
241.55,620.8418,,
241.71,621.20705,39.0909,45
241.87,621.5599,,
242.03,621.9435,,
242.19,622.33285,,
242.35,622.71895,20.1835,27.9817
242.51,623.10955,,
242.67,623.51025,,
242.83,623.9081,,
242.99,624.305,11.1969,17.3745
243.15,624.70105,,
243.31,625.0887,,
243.47,625.4686,,
243.63,625.8435,15.3285,28.4672
243.79,626.2179,,
243.95,626.59185,,
244.11,626.96455,,
244.27,627.35595,7.14286,35.1648
244.43,627.74495,,
244.59,628.14435,,
244.75,628.58525,,
244.91,629.019,6.89655,26.8966
245.07,629.45935,,
245.23,629.89025,,
245.39,630.32625,,
245.55,630.7531,2.13904,14.9733
245.71,631.1787,,
245.87,631.62805,,
246.03,632.14785,,
246.19,632.68145,12.0482,24.6988
246.35,633.2025,,
246.51,633.7246,,
246.67,634.2382,,
246.83,634.7525,10.9453,27.8607
246.99,635.2654,,
247.15,635.783,,
247.31,636.18855,,
247.47,636.58895,10.1604,28.877
247.63,636.9985,,
247.79,637.3959,,
247.95,637.7973,,
248.11,638.21245,16,30
248.27,638.61225,,
248.43,639.01225,,
248.59,639.53565,,
248.75,640.0841,3.80623,15.2249
248.91,640.62335,,
249.07,641.1658,,
249.23,641.7089,,
249.39,642.25215,7.14286,24.2857
249.55,642.78885,,
249.71,643.31995,,
249.87,643.8297,,
250.03,644.3421,4.84581,19.3833
250.19,644.842,,
250.35,645.3474,,
250.51,645.84525,,
250.67,646.3597,2.92887,11.7155
250.83,646.86935,,
250.99,647.36485,,
251.15,647.8624,,
251.31,648.36055,1.66113,11.6279
251.47,648.85295,,
251.63,649.34995,,
251.79,649.85075,,
251.95,650.3394,5.94059,20.297
252.11,650.84095,,
252.27,651.3316,,
252.43,651.76025,,
252.59,652.12985,8.83978,19.8895
252.75,652.50985,,
252.91,652.88775,,
253.07,653.2632,,
253.23,653.6375,3.14342,10.2161
253.39,654.0198,,
253.55,654.39995,,
253.71,654.8694,,
253.87,655.4694,4.32277,12.6801
254.03,656.0733,,
254.19,656.66575,,
254.35,657.25845,,
254.51,657.84415,5.45455,18.6364
254.67,658.4337,,
254.83,659.013,,
254.99,659.61625,,
255.15,660.24895,13.4021,27.8351
255.31,660.88395,,
255.47,661.51545,,
255.63,662.14785,,
255.79,662.77385,6.33484,20.8145
255.95,663.4066,,
256.11,664.0372,,
256.27,664.64745,,
256.43,665.21015,5.33808,13.1673
256.59,665.77155,,
256.75,666.3381,,
256.91,666.89715,,
257.07,667.4497,3.40909,12.5
257.23,668.0097,,
257.39,668.5773,,
257.55,669.1311,,
257.71,669.6726,29.1429,52.5714
257.87,670.2195,,
258.03,670.7631,,
258.19,671.30495,,
258.35,671.85885,19.7183,38.7324
258.51,672.40375,,
258.67,672.9603,,
258.83,673.52335,,
258.99,674.01665,16.8675,39.759
259.16,674.541,,
259.31,675.0134,,
259.47,675.51815,,
259.63,676.0177,16.8675,44.5783
259.79,676.52365,,
259.95,677.0364,,
260.11,677.54605,,
260.27,678.7024,4.23729,17.7966
260.563,680.6063,,
260.723,681.9729,,
260.883,683.3276,,
261.043,684.6869,16.4835,48.3516
261.203,686.0408,,
261.363,687.3989,,
261.523,688.75155,,
261.683,689.8321,21.4286,51.7857
261.843,690.9243,,
262.003,692.0121,,
262.163,693.0979,,
262.323,694.1879,48.951,65.7343
262.483,695.2778,,
262.643,696.3701,,
262.803,697.4611,,
262.963,698.13235,37.5566,52.4887
263.123,698.75985,,
263.283,699.386,,
263.443,700.0043,,
263.603,700.6171,24.1026,48.2051
263.763,701.23555,,
263.923,701.85865,,
264.083,702.48,,
264.243,703.15275,34.7826,64.6739
264.403,703.85735,,
264.563,704.571,,
264.723,705.27295,,
264.883,705.98165,16.1491,38.5093
265.043,706.6933,,
265.203,707.3993,,
265.363,708.09535,,
265.523,708.8312,27.2727,50.5051
265.683,709.5647,,
265.843,710.3118,,
266.003,711.04805,,
266.163,711.7987,14.5833,40.625
266.323,712.54035,,
266.483,713.2875,,
266.643,714.0229,,
266.803,714.83745,5.41176,16.2353
266.963,715.71855,,
267.123,716.58295,,
267.283,717.4595,,
267.443,718.3409,4.814,15.9737
267.603,719.232,,
267.763,720.1116,,
267.923,720.9843,,
268.083,721.6754,3.75,21.25
268.243,722.1162,,
268.403,722.5639,,
268.563,723.0073,,
268.723,723.45545,1.84332,12.4424
268.883,723.8963,,
269.043,724.3433,,
269.203,724.78955,,
269.363,725.2616,5.42169,25.3012
269.523,725.82075,,
269.683,726.3864,,
269.843,726.94915,,
270.003,727.5218,5.6,27.6
270.163,728.0931,,
270.323,728.65935,,
270.483,729.2196,,
270.643,729.77235,1.35135,14.8649
270.803,730.3176,,
270.963,730.8667,,
271.123,731.42235,,
271.283,731.9902,11.6959,41.5205
271.443,732.5398,,
271.603,733.0999,,
271.773,733.6988,,
271.923,734.2252,23.7288,53.775
272.083,734.78665,,
272.243,735.33655,,
272.403,735.9032,,
272.563,736.4558,25.5319,47.3404
272.723,737.01645,,
272.883,737.57565,,
273.043,738.1339,,
273.203,738.6909,2.32558,17.4419
273.363,739.10335,,
273.523,739.5099,,
273.683,739.90575,,
273.843,740.3012,2.2508,92.6045
274.003,740.70135,,
274.163,741.08735,,
274.323,741.4769,,
274.483,741.87025,3.18182,18.6364
274.643,742.222,,
274.803,742.57265,,
274.963,742.91755,,
275.123,743.2696,15.4176,45.6103
275.283,743.621,,
275.443,743.97795,,
275.603,744.3225,,
275.763,744.6687,3.85852,18.9711
275.923,745.05495,,
276.083,745.46585,,
276.243,745.8819,,
276.403,746.29225,5.72519,35.4962
276.563,746.70625,,
276.723,747.11755,,
276.883,747.5187,,
277.043,747.93215,5.51724,20.6897
277.203,748.35055,,
277.363,748.7907,,
277.523,749.23255,,
277.683,749.67625,18,40.2857
277.843,750.11195,,
278.003,750.5554,,
278.163,750.9902,,
278.323,751.4399,0,89.6414
278.483,751.8476,,
278.643,752.2211,,
278.803,752.6033,,
278.963,752.97645,11.1538,20.7692
279.123,753.3563,,
279.283,753.73745,,
279.443,754.12685,,
279.603,754.5088,11.4391,29.8893
279.763,754.90315,,
279.923,755.316,,
280.083,755.7282,,
280.243,756.1336,15.3846,41.2587
280.403,756.5448,,
280.563,756.9505,,
280.723,757.35785,,
280.883,757.76805,4.16667,17.5926
281.043,758.1771,,
281.203,758.6104,,
281.363,759.0406,,
281.523,759.47915,19.5876,50.5155
281.683,759.91275,,
281.843,760.3494,,
282.003,760.7867,,
282.163,761.21415,6.61157,20.1102
282.323,761.6538,,
282.483,762.1078,,
282.643,762.5623,,
282.803,763.02035,17.8218,60.7261
282.963,763.47185,,
283.123,763.92785,,
283.283,764.3858,,
283.443,764.8346,21.0702,61.8729
283.603,765.27495,,
283.763,765.7148,,
283.923,766.15785,,
284.083,766.6031,2.53807,14.7208
284.243,767.05,,
284.403,767.49105,,
284.563,767.9392,,
284.723,768.3851,18.018,74.7748
284.883,768.82695,,
285.043,769.28705,,
285.203,769.74775,,
285.363,770.2044,31.5493,59.4366
285.523,770.66685,,
285.683,771.12815,,
285.843,771.59805,,
286.003,772.07035,41.2121,83.0303
286.163,772.544,,
286.323,773.13715,,
286.483,773.8015,,
286.643,774.4643,29.055,67.2779
286.803,775.12775,,
286.963,775.78095,,
287.123,776.44725,,
287.283,777.0981,22.3757,82.5967
287.443,777.75755,,
287.603,778.48195,,
287.763,779.2696,,
287.923,780.0606,31.5956,76.9352
288.083,780.8521,,
288.233,781.5826,,
288.403,782.42735,,
288.563,783.2102,19.5876,69.0722
288.723,783.9975,,
288.883,784.72585,,
289.043,785.4023,,
289.203,786.0715,60.061,77.439
289.363,786.77185,,
289.523,787.4325,,
289.683,788.1194,,
289.843,788.80075,12.9129,24.9249
290.003,789.47875,,
290.163,790.09015,,
290.323,790.52265,,
290.483,790.9665,6.08365,16.73
290.643,791.4161,,
290.803,791.86345,,
290.963,792.3081,,
291.123,792.74425,0,17.8439
291.283,793.17995,,
291.443,793.6512,,
291.603,794.30865,,
291.763,794.9765,0.452489,23.5294
291.923,795.6444,,
292.083,796.30375,,
292.243,796.96195,,
292.403,797.62705,2.05761,13.9918
292.563,798.2845,,
292.723,798.9446,,
292.883,799.59325,,
293.043,800.24405,5,13.6364
293.203,800.89325,,
293.363,801.54775,,
293.523,802.1944,,
293.683,802.84885,2.28311,9.13242
293.843,803.5035,,
294.003,804.14535,,
294.163,804.83815,,
294.323,805.52925,16.055,33.0275
294.483,806.22065,,
294.643,806.9217,,
294.803,807.6249,,
294.963,808.32905,8.4507,19.7183
295.123,809.02975,,
295.283,809.7291,,
295.443,810.3283,,
295.603,810.89175,25.4386,46.9298
295.763,811.45875,,
295.923,812.02545,,
296.093,812.6246,,
296.243,813.15735,36.1111,59.5238
296.403,813.72565,,
296.563,814.28925,,
296.723,814.8171,,
296.883,815.33,36.8644,73.3051
297.043,815.848,,
297.203,816.36055,,
297.363,816.8754,,
297.523,817.3867,23.301,54.3689
297.683,817.9014,,
297.843,818.418,,
298.003,818.89765,,
298.163,819.36005,34.3434,66.6667
298.323,819.8157,,
298.483,820.27945,,
298.643,820.7399,,
298.803,821.19775,33.5065,65.974
298.963,821.66,,
299.123,822.1217,,
299.283,822.54805,,
299.443,822.9437,3.37079,30.3371
299.603,823.33215,,
299.763,823.7287,,
299.923,824.11285,,
300.083,824.50265,26.087,75.8454
300.243,824.8899,,
300.403,825.2723,,
300.563,825.6806,,
300.723,826.13785,44.7458,76.2712
300.883,826.59655,,
301.043,827.05525,,
301.203,827.5154,,
301.363,827.97375,25.2747,81.3187
301.523,828.43835,,
301.683,828.9098,,
301.843,829.41415,,
302.003,830.15225,6.66667,26.6667
302.163,830.88935,,
302.323,831.6285,,
302.483,832.36435,,
302.643,833.1057,28.2353,80
302.803,833.84505,,
302.963,834.56925,,
303.123,835.3165,,
303.283,836.32035,9.52381,28.0423
303.443,837.32335,,
303.603,838.3221,,
303.763,839.32135,,
303.923,840.32195,43.4109,82.9457
304.083,841.31495,,
304.243,842.30295,,
304.403,843.29555,,
304.563,844.27915,46.8599,71.4976
304.723,845.26155,,
304.893,846.31255,,
305.043,847.2359,,
305.203,848.229,23.0769,33.3333
305.363,849.2331,,
305.523,850.23595,,
305.683,851.23215,,
305.843,852.24325,21.4286,70.2381
306.003,853.27365,,
306.163,854.3006,,
306.323,855.32435,,
306.483,856.3425,29.7143,80.5714
306.643,857.36125,,
306.803,858.3814,,
306.963,859.40415,,
307.123,860.3957,28.4091,87.5
307.283,861.44575,,
307.443,862.37565,,
307.603,863.36555,,
307.763,864.3502,0,0
307.923,865.34725,,
308.083,866.3477,,
308.253,867.41625,,
308.403,868.14435,0,4.12371
308.563,868.7462,,
308.723,869.3543,,
308.883,869.95585,,
309.043,870.56105,6.0241,20.4819
309.203,871.16295,,
309.363,871.7611,,
309.523,872.36405,,
309.683,872.9032,8,29.2683
309.843,873.33725,,
310.003,873.781,,
310.163,874.22565,,
310.323,874.65855,10.6796,32.0388
310.483,875.1033,,
310.643,875.54125,,
310.803,875.9736,,
310.963,876.43965,0,25.3012
311.123,876.96485,,
311.283,877.5086,,
311.443,878.0397,,
311.603,878.5754,2.29885,8.04598
311.763,879.10755,,
311.923,879.65195,,
312.083,880.1798,,
312.243,880.7031,1.25786,16.9811
312.403,881.1796,,
312.563,881.6687,,
312.723,882.1514,,
312.883,882.6304,4.66667,19.3333
313.043,883.11475,,
313.203,883.60925,,
313.363,884.0896,,
313.523,884.5631,0.561798,13.4831
313.683,885.0977,,
313.843,885.6116,,
314.003,886.13035,,
314.163,886.66125,0.854701,13.6752
314.323,887.1948,,
314.483,887.72545,,
314.643,888.25755,,
314.803,888.7826,4.83092,38.1643
314.963,889.53305,,
315.123,890.31165,,
315.283,891.0909,,
315.443,891.88275,12.1547,56.9061
315.603,892.66405,,
315.763,893.44085,,
315.923,894.2164,,
316.083,894.99485,7.03125,54.6875
316.243,895.9078,,
316.403,896.8711,,
316.563,897.8405,,
316.723,898.7944,7.48299,37.415
316.883,899.749,,
317.043,900.6988,,
317.193,901.59805,,
317.363,902.6048,3.94089,49.7537
317.523,903.50335,,
317.683,904.38425,,
317.843,905.28475,,
318.003,906.16625,16.0494,54.321
318.163,907.05705,,
318.323,907.9542,,
318.483,908.8373,,
318.643,909.7202,19.2771,73.494
318.803,910.76055,,
318.963,911.94245,,
319.123,913.1298,,
319.283,914.30825,3.26087,19.5652
319.443,915.5024,,
319.603,916.69205,,
319.763,917.8931,,
319.923,919.0874,0,15.2542
320.083,919.93365,,
320.243,920.32115,,
320.403,920.71315,,
320.563,921.10345,5.42636,10.8527
320.723,921.4829,,
320.883,921.8647,,
321.043,922.2458,,
321.203,922.6238,5.88235,35.2941
321.363,922.98765,,
321.523,923.34335,,
321.683,923.6952,,
321.843,924.04,8.51064,31.9149
322.003,924.39515,,
322.163,924.73775,,
322.323,925.08965,,
322.483,925.44295,2.1978,8.79121
322.643,925.8,,
322.803,926.2007,,
322.963,926.61185,,
323.123,927.01585,19.6721,48.3607
323.283,927.42585,,
323.443,927.8427,,
323.603,928.2462,,
323.763,928.65645,7.54717,30.1887
323.923,929.0513,,
324.083,929.4581,,
324.243,929.8592,,
324.403,930.2521,0,0
324.563,930.64985,,
324.723,931.04095,,
324.883,931.43945,,
325.043,931.83775,2.54237,26.2712
325.203,932.23705,,
325.363,932.62865,,
325.523,933.02225,,
325.683,933.4222,25,85.1351
325.843,933.82105,,
326.003,934.2264,,
326.163,934.63065,,
326.323,935.0292,11.5646,32.6531
326.483,935.43045,,
326.643,935.84805,,
326.803,936.277,,
326.963,936.70695,22.1154,58.6538
327.123,937.1411,,
327.283,937.56805,,
327.44,937.98745,,
327.6,938.4111,46.4516,69.6774
327.76,938.8432,,
327.92,939.2421,,
328.07,939.60935,,
328.24,940.0253,54.3379,79.9087
328.4,940.41405,,
328.56,940.804,,
328.72,941.1913,,
328.88,941.5827,44.0367,72.4771
329.04,941.98605,,
329.2,942.40105,,
329.36,942.8367,,
329.52,943.26675,27.972,76.9231
329.68,943.6998,,
329.84,944.12095,,
330,944.55045,,
330.16,944.97595,35.461,80.1418
330.32,945.4053,,
330.48,945.83945,,
330.64,946.3022,,
330.8,946.76025,27.9236,81.6229
330.96,947.2243,,
331.12,947.681,,
331.28,948.14075,,
331.44,948.59765,17.0478,88.3576
331.6,949.05425,,
331.76,949.48855,,
331.92,949.9133,,
332.08,950.335,20.9524,82.381
332.24,950.7625,,
332.4,951.1868,,
332.56,951.60885,,
332.72,952.0349,23.0435,82.1739
332.88,952.45605,,
333.04,952.8795,,
333.2,953.3594,,
333.36,953.83915,32.0346,74.026
333.52,954.31715,,
333.68,954.7946,,
333.84,955.2696,,
334,955.74975,61.7729,75.6233
334.16,956.22555,,
334.34,956.75485,,
334.48,957.1634,,
334.64,957.62065,59.0406,68.2657
334.8,958.07685,,
334.96,958.55115,,
335.12,959.0233,,
335.28,959.49625,45.8599,54.7771
335.43,959.94755,,
335.6,960.4394,,
335.76,960.8492,,
335.92,961.2461,45.6897,52.0115
336.08,961.65025,,
336.24,962.0654,,
336.4,962.47695,,
336.56,962.8904,18.7097,32.5806
336.72,963.29595,,
336.88,963.69715,,
337.04,964.05575,,
337.2,964.40455,19.4444,40.7407
337.36,964.74975,,
337.52,965.09815,,
337.68,965.44195,,
337.84,965.7817,5.22388,12.6866
338,966.1269,,
338.16,966.45885,,
338.32,966.7925,,
338.48,967.0953,14.2857,45.6044
338.64,967.40855,,
338.8,967.7183,,
338.96,968.0332,,
339.12,968.3412,5.23256,43.6047
339.28,968.648,,
339.44,968.95885,,
339.6,969.27655,,
339.76,969.59465,10.5263,60.3239
339.92,969.9089,,
340.08,970.22665,,
340.24,970.5398,,
340.4,970.862,22.561,63.4146
340.56,971.17915,,
340.72,971.4929,,
340.88,971.80325,,
341.04,972.1285,10.1911,24.2038
341.2,972.4596,,
341.36,972.78135,,
341.52,973.11265,,
341.68,973.44305,40,67.8788
341.84,973.77025,,
342,974.0936,,
342.16,974.42745,,
342.32,974.7663,48.8462,60.3846
342.48,975.102,,
342.64,975.445,,
342.8,975.77715,,
342.94,976.083,48.3516,58.9744
343.12,976.4495,,
343.28,976.79975,,
343.44,977.1312,,
343.6,977.42655,32.7957,44.086
343.76,977.7229,,
343.92,978.0214,,
344.09,978.3378,,
344.24,978.6277,44.4976,56.2201
344.42,978.9658,,
344.56,979.2331,,
344.72,979.5329,,
344.88,979.80455,38.6364,52.2727
345.04,980.0793,,
345.2,980.3548,,
345.36,980.62905,,
345.52,980.9072,16.0643,29.7189
345.68,981.18255,,
345.84,981.4593,,
346,981.7377,,
346.16,982.0408,51.752,77.0889
346.32,982.35915,,
346.48,982.6675,,
346.64,982.9953,,
346.8,983.30705,11.3772,50.2994
346.96,983.6296,,
347.12,983.9493,,
347.28,984.2675,,
347.44,984.71205,19.7479,55.8824
347.6,985.1969,,
347.76,985.69135,,
347.92,986.1835,,
348.08,986.68085,18.6747,67.1687
348.24,987.17275,,
348.4,987.65195,,
348.56,988.14035,,
348.72,988.8569,24.6951,71.6463
348.88,989.7133,,
349.04,990.5617,,
349.2,991.4049,,
349.36,992.2506,42.9952,69.0821
349.52,993.0892,,
349.68,993.9235,,
349.84,994.7531,,
350,995.60965,27.7778,46.8254
350.16,996.50055,,
350.32,997.4072,,
350.48,998.3183,,
350.64,999.22635,32.7586,44.8276
350.81,1000.201,,
350.96,1001.0475,,
351.12,1001.952,,
351.28,1002.772,18.9189,31.5315
351.44,1003.472,,
351.6,1004.182,,
351.76,1004.8945,,
351.92,1005.615,9.43396,20.7547
352.08,1006.3445,,
352.24,1007.065,,
352.4,1007.761,,
352.56,1008.4055,23,57
352.72,1008.867,,
352.88,1009.3285,,
353.04,1009.7865,,
353.2,1010.2465,31.7073,53.6585
353.36,1010.7065,,
353.52,1011.1585,,
353.68,1011.613,,
353.84,1012.057,8.06452,35.4839
354,1012.499,,
354.16,1012.938,,
354.32,1013.372,,
354.48,1013.814,0,0
354.66,1014.311,,
354.8,1014.6905,,
354.96,1015.127,,
355.12,1015.564,33.5526,60.5263
355.28,1016.0015,,
355.44,1016.4435,,
355.6,1016.8785,,
355.76,1017.316,33.7931,60
355.92,1017.749,,
356.08,1018.19,,
356.24,1018.6205,,
356.4,1019.058,13.8686,31.3869
356.56,1019.501,,
356.72,1019.964,,
356.88,1020.406,,
357.04,1020.8565,13.7097,49.1935
357.2,1021.3,,
357.36,1021.743,,
357.52,1022.1945,,
357.68,1022.635,29.6296,50.3704
357.84,1023.0605,,
358,1023.4835,,
358.16,1023.9135,,
358.32,1024.343,45.3441,70.8502
358.48,1024.77,,
358.64,1025.1995,,
358.8,1025.621,,
358.96,1026.052,46.281,74.7934
359.12,1026.478,,
359.28,1026.8985,,
359.44,1027.33,,
359.6,1027.75,14.5455,24.3636
359.76,1028.1865,,
359.92,1028.609,,
360.08,1029.0455,,
360.24,1029.4685,28.2609,48.3696
360.41,1029.8915,,
360.56,1030.239,,
360.72,1030.6095,,
360.88,1030.9785,40.796,57.2139
361.04,1031.349,,
361.2,1031.7225,,
361.36,1032.1065,,
361.52,1032.488,23.0216,43.1655
361.68,1032.8915,,
361.84,1033.337,,
362,1033.7745,,
362.16,1034.2175,10,55
362.32,1034.6595,,
362.48,1035.1115,,
362.64,1035.5565,,
362.8,1036.0065,2.29885,44.8276
362.96,1036.5015,,
363.12,1037.1185,,
363.28,1037.7365,,
363.44,1038.349,14.2857,38.0952
363.6,1038.949,,
363.76,1039.5525,,
363.92,1040.1515,,
364.08,1040.7535,7.92079,30.6931
364.24,1041.353,,
364.4,1041.987,,
364.56,1042.6145,,
364.72,1043.2405,9.34959,18.2927
364.88,1043.872,,
365.04,1044.502,,
365.2,1045.14,,
365.36,1045.7765,3.6036,15.3153
365.52,1046.4145,,
365.68,1047.0685,,
365.84,1047.732,,
366,1048.3885,7.64706,21.1765
366.16,1049.0495,,
366.32,1049.7105,,
366.48,1050.3705,,
366.64,1051.034,25.7732,61.8557
366.8,1051.683,,
366.96,1052.3025,,
367.12,1052.9115,,
367.28,1053.521,19.8529,37.5
367.44,1054.1315,,
367.6,1054.748,,
367.76,1055.371,,
367.92,1055.9955,18.4615,53.8462
368.08,1056.6265,,
368.24,1057.146,,
368.4,1057.639,,
368.56,1058.1325,6.79612,46.6019
368.72,1058.6235,,
368.88,1059.119,,
369.04,1059.6065,,
369.2,1060.093,8.87097,79.0323
369.36,1060.591,,
369.52,1061.0295,,
369.68,1061.4515,,
369.84,1061.8805,9.69388,79.5918
370,1062.3015,,
370.16,1062.718,,
370.32,1063.135,,
370.48,1063.556,10.6061,93.4343
370.64,1063.974,,
370.8,1064.377,,
370.96,1064.787,,
371.12,1065.202,14.0625,87.1094
371.28,1065.6175,,
371.44,1066.0175,,
371.6,1066.4365,,
371.76,1066.8485,22.6994,88.3436
371.92,1067.257,,
372.08,1067.6795,,
372.24,1068.0965,,
372.4,1068.527,35.7414,90.1141
372.56,1068.9605,,
372.72,1069.3965,,
372.88,1069.8225,,
373.04,1070.2575,39.2523,86.4486
373.2,1070.686,,
373.36,1071.13,,
373.52,1071.636,,
373.68,1072.1445,62.7119,87.4576
373.84,1072.648,,
374,1073.1585,,
374.16,1073.6685,,
374.32,1074.1875,50.5929,75.4941
374.49,1074.7285,,
374.64,1075.208,,
374.8,1075.765,,
374.96,1076.3195,34.0502,73.8351
375.12,1076.8775,,
375.28,1077.4405,,
375.44,1078.0085,,
375.6,1078.5625,42.8044,92.2509
375.76,1079.1205,,
375.92,1079.67,,
376.08,1080.2405,,
376.24,1080.8045,47.8102,90.8759
376.4,1081.368,,
376.56,1081.9215,,
376.72,1082.476,,
376.88,1083.034,25.6716,81.4925
377.04,1083.587,,
377.2,1084.145,,
377.36,1084.709,,
377.52,1085.295,35.7576,90.9091
377.68,1085.858,,
377.84,1086.435,,
378,1086.9965,,
378.16,1087.572,17,79
378.32,1088.1375,,
378.48,1088.6945,,
378.64,1089.2915,,
378.8,1089.8965,34.375,81.875
378.96,1090.501,,
379.12,1091.103,,
379.28,1091.7135,,
379.44,1092.315,18.9189,80.1802
379.6,1092.922,,
379.76,1093.53,,
379.92,1094.0895,,
380.08,1094.6145,35.2,85.6
380.24,1095.14,,
380.4,1095.6745,,
380.56,1096.2045,,
380.72,1096.74,16.8675,30.1205
380.88,1097.2835,,
381.04,1097.8205,,
381.2,1098.339,,
381.36,1098.842,0,0
381.52,1099.3505,,
381.68,1099.85,,
381.84,1100.341,,
382,1100.847,14.2857,35.023
382.16,1101.332,,
382.32,1101.8215,,
382.48,1102.305,,
382.64,1102.768,20.9877,40.1235
382.8,1103.231,,
382.96,1103.711,,
383.12,1104.18,,
383.28,1104.646,23.3766,64.2857
383.44,1105.1175,,
383.6,1105.5875,,
383.76,1106.0525,,
383.92,1106.542,49.6951,87.1951
384.07,1107.014,,
384.24,1107.5425,,
384.4,1108.037,,
384.56,1108.5295,47.8261,80.2676
384.74,1109.0875,,
384.9,1109.583,,
385.04,1110.013,,
385.2,1110.486,29.3388,42.9752
385.36,1110.9745,,
385.52,1111.4665,,
385.68,1111.945,,
385.84,1112.423,51.7857,76.0714
385.99,1112.8735,,
386.16,1113.3895,,
386.32,1113.866,,
386.48,1114.3355,46.371,72.9839
386.64,1114.8035,,
386.8,1115.272,,
386.96,1115.7365,,
387.12,1116.208,31.5385,59.2308
387.28,1116.6765,,
387.44,1117.14,,
387.6,1117.607,,
387.76,1118.117,0,0
387.92,1118.6345,,
388.08,1119.151,,
388.24,1119.6655,,
388.4,1120.185,4.62428,17.341
388.56,1120.7075,,
388.72,1121.228,,
388.88,1121.7475,,
389.04,1122.3205,6.81818,17.6136
389.2,1122.917,,
389.36,1123.509,,
389.52,1124.101,,
389.68,1124.699,1.85185,13.8889
389.84,1125.295,,
390,1125.884,,
390.16,1126.4745,,
390.32,1127.086,9.80392,34.3137
390.48,1127.7255,,
390.64,1128.3495,,
390.8,1128.987,,
390.96,1129.615,23.0769,61.5385
391.12,1130.2445,,
391.28,1130.8735,,
391.44,1131.4945,,
391.6,1132.1875,14.5833,27.7778
391.76,1132.9405,,
391.92,1133.699,,
392.08,1134.453,,
392.24,1135.2085,11,29
392.4,1135.956,,
392.56,1136.696,,
392.72,1137.438,,
392.88,1138.18,1.51515,14.1414
393.04,1138.923,,
393.2,1139.689,,
393.36,1140.438,,
393.52,1141.203,27.3504,58.9744
393.68,1141.9495,,
393.84,1142.7075,,
394,1143.459,,
394.16,1144.2195,7.69231,18.3432
394.32,1145.0075,,
394.48,1145.7995,,
394.64,1146.597,,
394.8,1147.3835,39.1304,56.5217
394.96,1148.1745,,
395.12,1148.9665,,
395.28,1149.773,,
395.44,1150.51,41.1765,60.5042
395.6,1150.907,,
395.76,1151.304,,
395.92,1151.6965,,
396.08,1152.0855,19.7452,38.8535
396.24,1152.475,,
396.4,1152.8605,,
396.56,1153.2465,,
396.72,1153.625,30.8824,58.8235
396.88,1154.0945,,
397.04,1154.5735,,
397.2,1155.0455,,
397.36,1155.5145,28.2609,76.087
397.52,1155.987,,
397.68,1156.443,,
397.84,1156.901,,
398,1157.3615,23.4043,82.9787
398.16,1157.855,,
398.32,1158.3485,,
398.48,1158.842,,
398.64,1159.344,21.9512,84.1463
398.8,1159.844,,
398.96,1160.3445,,
399.12,1160.8415,,
399.28,1161.325,35.2941,84.3137
399.44,1161.7635,,
399.6,1162.184,,
399.76,1162.6,,
399.92,1163.021,48.2143,84.8214
400.08,1163.4465,,
400.24,1163.867,,
400.4,1164.281,,
400.56,1164.708,57.6299,90.2597
400.72,1165.135,,
400.88,1165.5765,,
401.04,1166.019,,
401.2,1166.4545,60.9562,90.9695
401.36,1166.897,,
401.52,1167.3465,,
401.68,1167.7985,,
401.84,1168.2445,67.7885,95.6731
402,1168.6845,,
402.16,1169.121,,
402.32,1169.5645,,
402.48,1170.016,26.4099,97.1114
402.64,1170.4595,,
402.8,1170.91,,
402.96,1171.352,,
403.12,1171.7995,23.949,92.9936
403.28,1172.379,,
403.44,1173.171,,
403.6,1173.9765,,
403.76,1174.7885,17.973,93.2432
403.92,1175.583,,
404.08,1176.3765,,
404.24,1177.173,,
404.4,1177.962,16.0173,95.8153
404.56,1178.751,,
404.72,1179.5535,,
404.88,1180.348,,
405.04,1181.1445,21.6954,94.2529
405.2,1181.937,,
405.36,1182.74,,
405.52,1183.532,,
405.68,1184.3185,60.4569,97.0123
405.84,1185.147,,
406,1186.2185,,
406.16,1187.291,,
406.32,1188.3765,49.6942,94.0367
406.48,1189.4575,,
406.64,1190.5405,,
406.8,1191.628,,
406.96,1192.7185,25.7576,35.4978
407.12,1193.7815,,
407.28,1194.745,,
407.44,1195.704,,
407.6,1196.6695,50.4983,76.0797
407.76,1197.629,,
407.92,1198.5635,,
408.08,1199.5105,,
408.24,1200.454,18.0233,78.1008
408.4,1201.4,,
408.56,1202.474,,
408.72,1203.568,,
408.88,1204.659,12.7072,49.1713
409.04,1205.75,,
409.2,1206.855,,
409.36,1207.954,,
409.52,1209.053,39.4572,70.7724
409.68,1210.1335,,
409.84,1210.863,,
410,1211.477,,
410.16,1212.0915,18.617,52.1277
410.32,1212.712,,
410.48,1213.336,,
410.64,1213.9525,,
410.8,1214.566,13.4783,85.8696
410.96,1215.1745,,
411.12,1215.7805,,
411.28,1216.4,,
411.44,1217.0035,15.5039,55.0388
411.6,1217.6125,,
411.76,1218.2175,,
411.92,1218.823,,
412.08,1219.4235,21.2707,88.9503
412.24,1220.027,,
412.4,1220.637,,
412.56,1221.246,,
412.72,1221.8675,51.3393,95.5357
412.88,1222.484,,
413.04,1223.1005,,
413.2,1223.728,,
413.36,1224.3405,37.2014,95.0512
413.52,1224.9585,,
413.68,1225.557,,
413.84,1226.1215,,
414,1226.6935,41.3695,97.7175
414.16,1227.274,,
414.32,1227.86,,
414.48,1228.4475,,
414.64,1229.0315,36.228,98.1004
414.8,1229.6055,,
414.96,1230.1395,,
415.12,1230.5995,,
415.28,1231.0585,26.6846,98.5175
415.44,1231.517,,
415.6,1231.9715,,
415.76,1232.4235,,
415.91,1232.9445,28.877,97.6827
416.08,1233.317,,
416.24,1233.77,,
416.4,1234.2435,,
416.56,1234.718,27.1357,98.325
416.72,1235.183,,
416.88,1235.6615,,
417.04,1236.147,,
417.2,1236.6165,32.7362,97.3941
417.36,1237.097,,
417.52,1237.5725,,
417.68,1238.0405,,
417.84,1238.5045,55.2469,95.5247
418,1238.9695,,
418.16,1239.4415,,
418.32,1239.9135,,
418.48,1240.383,51.8325,97.2077
418.64,1240.8505,,
418.8,1241.329,,
418.96,1241.812,,
419.12,1242.3075,54.1586,91.2959
419.28,1242.804,,
419.44,1243.307,,
419.6,1243.8035,,
419.76,1244.2985,49.0066,58.6093
419.92,1244.795,,
420.08,1245.285,,
420.24,1245.721,,
420.4,1246.1385,33.9921,46.2451
420.56,1246.5705,,
420.72,1247.006,,
420.88,1247.4305,,
421.04,1247.8655,35.2798,68.6131
421.2,1248.2985,,
421.36,1248.7245,,
421.52,1249.3245,,
421.68,1250.024,6.27615,53.5565
421.84,1250.726,,
422,1251.4245,,
422.16,1252.125,,
422.32,1252.819,12.8049,68.5976
422.48,1253.4985,,
422.64,1254.192,,
422.8,1254.9915,,
422.96,1255.8925,31.982,60.3604
423.12,1256.7885,,
423.28,1257.6955,,
423.44,1258.604,,
423.6,1259.517,50.4918,74.7541
423.76,1260.413,,
423.92,1261.318,,
424.08,1262.164,,
424.24,1262.943,38.7978,84.6995
424.4,1263.7245,,
424.56,1264.512,,
424.72,1265.305,,
424.88,1266.097,21.729,95.0935
425.04,1266.8895,,
425.2,1267.689,,
425.36,1268.755,,
425.52,1270.5795,24.9012,89.7233
425.68,1272.3945,,
425.84,1274.2175,,
426,1276.048,,
426.16,1277.8795,13.6476,95.7816
426.32,1279.706,,
426.48,1281.541,,
426.64,1283.2365,,
426.8,1284.194,34.2495,96.6173
426.96,1285.1535,,
427.12,1286.119,,
427.28,1287.0835,,
427.44,1288.078,30.9333,94.1333
427.6,1289.0335,,
427.76,1290.0115,,
427.92,1290.965,,
428.08,1291.535,43.6482,88.2736
428.24,1292.1005,,
428.4,1292.6695,,
428.56,1293.2355,,
428.72,1293.801,19.0981,36.6048
428.88,1294.373,,
429.04,1294.938,,
429.2,1295.501,,
429.36,1296.0825,22.2488,66.5072
429.52,1296.676,,
429.68,1297.276,,
429.84,1297.871,,
430,1298.4775,21.5278,37.037
430.16,1299.072,,
430.32,1299.6725,,
430.48,1300.2665,,
430.64,1300.9065,23.8193,42.9158
430.8,1301.575,,
430.96,1302.262,,
431.12,1302.946,,
431.28,1303.6235,31.8919,90.4505
431.44,1304.3035,,
431.6,1304.963,,
431.76,1305.6155,,
431.92,1306.181,41.573,58.2022
432.08,1306.7035,,
432.24,1307.225,,
432.4,1307.749,,
432.56,1308.2825,43.761,92.9701
432.72,1308.8075,,
432.88,1309.334,,
433.04,1309.8535,,
433.2,1310.3805,35.6895,92.0046
433.36,1310.9385,,
433.52,1311.4935,,
433.68,1312.044,,
433.84,1312.596,36.2264,93.2075
434,1313.151,,
434.16,1313.6965,,
434.32,1314.254,,
434.48,1314.809,36.8421,92.8793
434.64,1315.3775,,
434.8,1315.9515,,
434.96,1316.5315,,
435.12,1317.112,39.2857,84.0909
435.28,1317.689,,
435.44,1318.256,,
435.6,1318.8305,,
435.76,1319.398,21.5962,76.5258
435.92,1319.9305,,
436.08,1320.4665,,
436.24,1321.008,,
436.4,1321.542,15.1515,68.1818
436.56,1322.082,,
436.72,1322.6245,,
436.88,1323.18,,
437.04,1323.923,9.65517,14.8276
437.2,1325.8385,,
437.36,1327.749,,
437.52,1329.6705,,
437.73,1332.2015,18.6667,46
437.89,1334.1215,,
438.05,1336.0465,,
438.21,1337.9575,,
438.37,1339.461,6.61765,41.1765
438.48,1339.9135,,
438.64,1340.5865,,
438.8,1341.257,,
438.96,1341.943,4.8,53.6
439.12,1342.642,,
439.28,1343.337,,
439.44,1344.0145,,
439.6,1344.672,8.58209,77.6119
439.76,1345.1395,,
439.92,1345.576,,
440.08,1346.0195,,
440.24,1346.4535,13.0802,86.4979
440.4,1346.8935,,
440.56,1347.332,,
440.72,1347.7735,,
440.88,1348.2045,19.2547,86.3354
441.04,1348.639,,
441.2,1349.0675,,
441.36,1349.4965,,
441.52,1349.9235,39.7037,90.5185
441.68,1350.3565,,
441.84,1350.785,,
442,1351.2145,,
442.16,1351.6455,38.9809,88.7898
442.32,1352.0555,,
442.48,1352.449,,
442.64,1352.8435,,
442.8,1353.246,53.9455,85.5093
442.96,1353.644,,
443.12,1354.033,,
443.28,1354.425,,
443.44,1354.813,51.3399,85.6135
443.6,1355.2155,,
443.76,1355.655,,
443.92,1356.093,,
444.08,1356.5265,43.6185,81.9074
444.24,1356.9625,,
444.4,1357.397,,
444.56,1357.834,,
444.72,1358.275,48.6601,86.6008
444.88,1358.6895,,
445.04,1359.098,,
445.2,1359.512,,
445.36,1359.932,54.321,81.07
445.52,1360.347,,
445.68,1360.7655,,
445.84,1361.184,,
446,1361.605,52.1295,82.9642
446.16,1362.012,,
446.32,1362.401,,
446.48,1362.7945,,
446.64,1363.183,42.6513,88.4726
446.8,1363.573,,
446.96,1363.9595,,
447.12,1364.341,,
