pollen_age_kabp,quercus_decid,ap_minus_pinus
0.0155,0,0
0.2753,,
0.535,,
0.7949,48.0565,79.5053
1.0547,,
1.31675,48.9865,73.9865
1.5789,46.7024,71.123
1.8388,,
2.0987,,
2.8221,,
3.5675,48.5549,80.7322
4.31285,,
5.05815,,
5.80375,,
6.54905,52.6596,77.1277
7.2946,,
8.0397,,
8.4637,,
8.82445,50,69.8113
9.18375,,
9.54475,,
9.8618,,
10.1778,44.2049,59.5687
10.53835,,
10.9004,,
11.34705,,
11.8927,55.0725,69.5652
12.4375,,
13.0517,,
13.5983,,
14.1485,24.8521,38.4615
14.69385,,
15.2415,,
15.62925,,
15.8294,10.1563,20.7031
16.0288,,
16.2302,,
16.43065,,
16.63055,10.4348,16.9565
16.8302,,
17.0312,,
17.2536,,
17.5244,11.2583,25.8278
17.7941,,
18.0638,,
18.33265,,
18.6,6.20155,16.2791
18.8653,,
19.1293,,
19.3743,,
19.84275,9.06344,24.4713
20.3121,,
20.7768,,
21.2466,,
21.7145,5.57103,12.5348
22.12295,,
22.5894,,
23.0561,,
23.48575,2.83019,14.1509
23.91145,,
24.3304,,
24.7508,,
25.1749,4.83871,10.4839
25.60315,,
26.03195,,
26.4608,,
26.8357,5.22875,13.7255
27.18785,,
27.54175,,
27.8938,,
28.2461,12.6801,25.6484
28.6006,,
28.9553,,
29.31135,,
29.59315,1.71429,8
29.82315,,
30.05065,,
30.2758,,
30.5021,10.9677,16.129
30.72745,,
30.9549,,
31.1818,,
31.4786,7.38462,12
31.8607,,
32.2485,,
32.628,,
33.00755,8.22785,17.7215
33.3889,,
33.7682,,
34.1458,,
34.55765,31.6092,44.8276
35.033,,
35.50805,,
35.984,,
36.4615,3.50195,11.284
36.9426,,
37.41985,,
37.89675,,
38.32235,22.5,48.125
38.5559,,
38.78785,,
39.0205,,
39.2524,4.54545,20.7792
39.48615,,
39.71885,,
39.9504,,
40.21455,13.1274,18.9189
40.5473,,
40.87665,,
41.206,,
41.5375,7.40741,13.3903
41.8661,,
42.19505,,
42.5277,,
42.8593,12.7168,21.3873
43.25815,,
43.6548,,
44.04815,,
44.4464,21.4765,49.6644
44.84365,,
45.24115,,
45.64015,,
46.0366,5.1447,20.9003
46.44085,,
46.83995,,
47.24805,,
47.649,7.109,21.327
48.0482,,
48.43885,,
48.8416,,
49.24135,8.20513,17.9487
49.73765,,
50.2533,,
50.77675,,
51.29545,24.9275,44.9275
51.8217,,
52.35185,,
52.87105,,
53.38915,22.6804,45.3608
53.8685,,
54.3248,,
54.7786,,
55.24255,31.25,46.875
55.7086,,
56.16105,,
56.62365,,
57.08635,30.5476,46.3977
57.56985,,
58.0956,,
58.60885,,
59.1252,16.2866,30.2932
59.6509,,
60.1614,,
60.68425,,
61.20335,29.2453,48.1132
61.66485,,
62.03465,,
62.40595,,
62.7759,20.5556,37.7778
63.15475,,
63.53795,,
63.9171,,
64.2965,10.3448,21.8391
64.68625,,
65.12165,,
65.56355,,
66.0044,4.51977,14.1243
66.44165,,
66.8845,,
67.3222,,
67.76515,8.73016,26.1905
68.1964,,
68.61695,,
69.047,,
69.46685,4.96454,12.0567
69.89355,,
70.33185,,
70.7599,,
71.18815,1.50376,14.5833
71.6122,,
72.0408,,
72.4648,,
72.88285,13.3949,45.9584
73.31325,,
73.73215,,
74.15855,,
74.5871,36.5482,59.3909
75.0044,,
75.4045,,
75.80565,,
76.20125,5.90406,21.7012
76.60565,,
76.996,,
77.3943,,
77.79,19.8474,68.4478
78.18015,,
78.5292,,
78.8641,,
79.196,8.42787,21.0719
79.5348,,
79.873,,
80.19,,
80.54485,34.3629,57.1429
80.87775,,
81.2155,,
81.56275,,
81.8998,40.2116,68.254
82.2367,,
82.58285,,
82.9296,,
83.2674,54.3259,75.4667
83.6042,,
83.97765,,
84.36715,,
84.76815,48.6842,71.7105
85.17155,,
85.57615,,
85.9804,,
86.38485,21.7391,34.5756
86.7925,,
87.1898,,
87.6003,,
88.00535,9.02475,17.3217
88.42235,,
88.842,,
89.25885,,
89.6662,23.9922,37.0698
90.084,,
90.5196,,
91.04005,,
91.56205,33.5079,75.7485
92.0829,,
92.6063,,
93.1293,,
93.65285,23.7288,72
94.1788,,
94.6863,,
95.1053,,
95.5252,22.0779,66.2338
95.9476,,
96.3614,,
96.78375,,
97.21385,23.3962,77.3585
97.6264,,
98.0382,,
98.4785,,
98.91525,29.2835,76.6513
99.3242,,
99.79165,,
100.23025,,
100.67275,34.7281,75.3138
101.1139,,
101.5547,,
101.9166,,
102.2676,48.306,75.3005
102.6243,,
102.9788,,
103.3274,,
103.6874,22.3214,36.3095
104.03795,,
104.3903,,
104.745,,
105.10195,40.4,63.1651
105.4634,,
105.8263,,
106.19065,,
106.5515,48.3019,71.3208
106.9183,,
107.28075,,
107.74685,,
108.26875,16.7526,39.9485
108.7978,,
109.3262,,
109.8521,,
110.374,15.4026,33.2555
110.89445,,
111.41755,,
111.9847,,
112.60695,32.5471,64.3178
113.2272,,
113.84205,,
114.45335,,
115.0729,34.7826,74.4361
115.68635,,
116.2999,,
116.93145,,
117.5965,35.514,80.3738
118.2741,,
118.95695,,
119.6356,,
120.3088,27.5675,70.2065
120.97835,,
121.6387,,
122.29075,,
122.93015,38.4342,82.8351
123.58165,,
124.2302,,
124.8438,,
125.5389,55.5008,92.775
126.19555,,
126.85895,,
127.49935,,
128.06325,49.3903,63.5569
128.5892,,
129.18805,,
129.7491,,
130.31445,25.0923,30.6273
130.87765,,
131.44265,,
132.00725,,
132.48695,20.1389,31.25
132.97415,,
133.4648,,
133.9441,,
134.42155,18.4109,26.1628
134.8703,,
135.37915,,
135.84825,,
136.29045,15.5173,29
136.7294,,
137.20285,,
137.6156,,
138.05365,5.7971,17.734
138.48785,,
138.91755,,
139.34885,,
139.8283,19.8198,40.5405
140.18325,,
140.6,,
141.0299,,
141.4523,6.20155,21
141.81955,,
142.2965,,
142.70895,,
143.17425,7.95454,22.1154
143.53125,,
143.947,,
144.3748,,
144.7371,5.88236,15.6863
145.2081,,
145.62215,,
146.0422,,
146.4431,4.1958,20.9302
146.84635,,
147.2443,,
147.6271,,
148.05,4.95868,19.5122
148.4562,,
148.85995,,
149.21675,,
149.6383,3.84615,14.7208
149.96005,,
150.29055,,
150.62295,,
150.95055,2.24719,17.0854
151.27805,,
151.6126,,
151.93595,,
152.27495,10.7382,29.4372
152.62205,,
152.979,,
153.3319,,
153.68925,2.1978,13.3721
154.05215,,
154.4122,,
154.77425,,
155.1083,3.27868,12.381
155.31105,,
155.5102,,
155.70525,,
155.9085,3.75,14.554
156.1057,,
156.3082,,
156.507,,
156.70415,1.97044,13.6691
156.88215,,
157.05425,,
157.23255,,
157.4118,4.87804,9.47867
157.5916,,
157.7673,,
157.94645,,
158.1221,7.0707,18.9815
158.31055,,
158.50695,,
158.66765,,
158.88815,1.85185,11.2088
159.07765,,
159.267,,
159.4586,,
159.64295,5,13
159.85735,,
160.0753,,
160.3015,,
160.51735,2.33645,16.8224
160.7351,,
160.9512,,
161.165,,
161.375,4.73933,13.7441
161.59345,,
161.8146,,
162.04245,,
162.26125,4.81283,17.6471
162.48345,,
162.7037,,
162.97395,,
163.14255,5.7971,16.9082
163.3721,,
163.62625,,
163.87355,,
164.12255,3.53535,21.2121
164.3747,,
164.62605,,
164.87885,,
165.1314,2.89855,16.9082
165.3819,,
165.6326,,
165.88085,,
166.1286,2.98507,16.9154
166.38655,,
166.6318,,
166.87785,,
167.1151,15.1961,42.6471
167.35315,,
167.58645,,
167.81605,,
168.0568,7.8125,20.3125
168.28955,,
168.52645,,
168.76855,,
169.00535,4.9505,15.8416
169.2405,,
169.4674,,
169.69375,,
169.9233,6.73575,20.2073
170.1474,,
170.37495,,
170.60225,,
170.82795,3.90244,12.1951
171.06235,,
171.27055,,
171.48925,,
171.721,3.53535,13.6364
171.9305,,
172.15965,,
172.37985,,
172.60685,5.72917,19.2708
172.8293,,
173.06695,,
173.3122,,
173.55185,5.47264,17.4129
173.80005,,
174.04545,,
174.2874,,
174.53755,7.1066,25.3807
174.7837,,
175.0121,,
175.2361,,
175.45855,14.5,32.5
175.68815,,
175.91625,,
176.14535,,
176.3753,5.64103,28.2051
176.6028,,
176.81905,,
177.01975,,
177.2208,12.234,26.5957
177.42355,,
177.62975,,
177.83145,,
178.0325,7.8125,19.7917
178.23755,,
178.44555,,
178.65765,,
178.87145,7.34463,16.3842
179.08555,,
179.29735,,
179.513,,
179.724,12.6904,30.4569
179.93555,,
180.161,,
180.4006,,
180.6387,23.4637,37.4302
180.8834,,
181.12455,,
181.36795,,
181.6072,8.71795,25.641
181.84395,,
182.08615,,
182.35795,,
182.6283,10.3139,30.4933
182.89735,,
183.16725,,
183.4325,,
183.69415,10.3627,26.943
183.956,,
184.21135,,
184.42955,,
184.65405,1.60428,13.369
184.87935,,
185.09695,,
185.31855,,
185.53835,17.765,41.2607
185.76295,,
185.9784,,
186.242,,
186.5075,44.385,80.4813
186.776,,
187.0456,,
187.31515,,
187.577,36.5079,70.4762
187.84465,,
188.11895,,
188.3675,,
188.5998,13.3145,32.5779
188.862,,
189.1071,,
189.3572,,
189.60765,17.8392,48.995
189.8421,,
190.0853,,
190.3264,,
190.5697,14.2466,37.2603
190.79795,,
191.03475,,
191.27445,,
191.51695,14.3836,40.411
191.75385,,
191.99575,,
192.23485,,
192.4736,16.5414,39.0977
192.7117,,
192.9428,,
193.18855,,
193.4274,8.85714,33.7143
193.6751,,
193.9038,,
194.15385,,
194.4242,6.07287,95.9514
194.6879,,
194.9647,,
195.2341,,
195.50855,12.4669,35.809
195.77885,,
196.0469,,
196.3344,,
196.65175,16.9591,33.9181
196.96905,,
197.28775,,
197.6049,,
197.91425,28.5714,51.7857
198.2315,,
198.55195,,
198.8571,,
199.13565,22.6744,34.8837
199.4142,,
199.69495,,
199.97505,,
200.24835,48.6239,70.6422
200.53475,,
200.80775,,
201.08675,,
201.3574,53.3089,70.2206
201.6211,,
201.8892,,
202.15925,,
202.4313,41.0139,68.6636
202.70185,,
202.97095,,
203.2414,,
203.52945,41.2301,58.7699
203.82685,,
204.1151,,
204.4038,,
204.69755,0.339559,32.7674
204.992,,
205.29295,,
205.5799,,
206.1052,0.833333,89.2116
206.6666,,
207.2228,,
207.7762,,
208.3335,9.41935,86.3226
208.88755,,
209.4367,,
209.98665,,
210.4645,22.4756,84.3648
210.91215,,
211.36655,,
211.80895,,
212.25745,19.2394,74.4966
212.707,,
213.15215,,
213.60565,,
214.11995,23.4375,76.6355
214.69655,,
215.262,,
215.83,,
216.40255,39.4881,75.5027
217.0072,,
217.5321,,
218.0837,,
218.6878,26.6941,44.3763
219.3229,,
219.96755,,
220.60025,,
221.25125,11.5993,34.2707
221.9039,,
222.56495,,
223.22525,,
223.793,14.8148,45.8333
224.2072,,
224.6245,,
225.0413,,
225.4518,9.25926,36.1111
225.8651,,
226.2721,,
226.67465,,
227.05845,34.1991,60.6061
227.38715,,
228.0273,,
228.04815,,
228.3832,10.3093,20.1031
228.71405,,
229.04555,,
229.3789,,
229.711,28.3334,69.5833
230.04945,,
230.39835,,
230.7385,,
231.08715,20.7964,38.4956
231.43975,,
231.78505,,
232.11785,,
232.4559,6.04396,15.9341
232.80485,,
233.15105,,
233.50355,,
233.8522,30.0971,64.0777
234.19755,,
234.5446,,
234.8896,,
235.2372,15.4639,73.1959
235.56605,,
235.8805,,
236.20655,,
236.51855,32.1544,76.8489
236.8427,,
237.1628,,
237.48195,,
237.7998,29.0124,64.8148
238.15725,,
238.5312,,
238.89825,,
239.26705,45.6522,85.0242
239.6046,,
239.9861,,
240.35005,,
240.7127,64.1115,84.4367
241.02585,,
241.32175,,
241.61035,,
241.91665,21.0084,26.8908
242.2081,,
242.5091,,
242.80545,,
243.1036,4.95049,21.4521
243.408,,
243.72885,,
244.04245,,
244.37275,3.74707,21.7799
244.70255,,
245.0279,,
245.3591,,
245.693,4.13534,16.1654
246.01505,,
246.31985,,
246.6271,,
246.9352,9.73154,34.5638
247.24815,,
247.55365,,
247.86345,,
248.18005,0,0
248.5157,,
248.9041,,
249.2954,,
249.68525,8.33334,35.0694
250.0693,,
250.43815,,
250.82265,,
251.1956,4.51128,27.8195
251.58405,,
251.9927,,
252.41125,,
252.8258,5.65371,32.5088
253.24045,,
253.6584,,
254.07265,,
254.4933,3.19634,21.4612
254.9009,,
255.36515,,
255.83075,,
256.29085,4.91803,25
256.7648,,
257.2241,,
257.68135,,
258.1437,3.80228,26.616
258.59705,,
259.09145,,
259.585,,
260.07335,2.35849,18.8679
260.56465,,
261.06125,,
261.5409,,
262.0322,4.32099,16.6667
262.5441,,
262.942,,
263.3548,,
263.7639,0,0
264.1779,,
264.5836,,
264.99575,,
265.41485,2.82685,15.5477
265.83265,,
266.22145,,
266.6249,,
267.02265,5.51725,24.1379
267.4253,,
267.8192,,
268.2159,,
268.6173,0,0
269.01135,,
269.42335,,
269.8385,,
270.3201,4.3307,18.5039
270.6835,,
271.10325,,
271.5242,,
271.95225,1,21
272.37625,,
272.78525,,
273.1653,,
273.55205,4.33071,20.8661
273.9399,,
274.3203,,
274.6959,,
275.12945,2.88066,14.8148
275.45795,,
275.828,,
276.17295,,
276.5199,1.78571,27.6786
276.86995,,
277.2131,,
277.556,,
277.89115,1.40845,12.6761
278.2357,,
278.57965,,
278.93515,,
279.29375,1.07527,17.2043
279.65125,,
280.0096,,
280.3717,,
280.7247,0.738007,9.9631
281.08065,,
281.43105,,
281.76635,,
282.10625,3.62903,31.4516
282.43835,,
282.77925,,
283.1134,,
283.4576,1.70068,17.6871
283.80325,,
284.1448,,
284.5643,,
284.9992,4.71976,41.0029
285.43095,,
285.8525,,
286.28235,,
286.71635,5.92335,37.9791
287.14585,,
287.5801,,
288.0089,,
288.4365,33.8871,77.4086
288.8618,,
289.28545,,
289.71075,,
290.13465,58.1081,83.2432
290.5524,,
290.96615,,
291.3565,,
291.7247,47.4801,77.1883
292.10125,,
292.4742,,
292.8552,,
293.2335,33.4559,45.5882
293.612,,
293.9926,,
294.3704,,
294.7364,17.1014,33.0435
295.10575,,
295.48955,,
295.8722,,
296.25155,17.9487,31.0897
296.63245,,
297.00465,,
297.3512,,
297.6403,31.1111,54.8148
297.9625,,
298.26905,,
298.5718,,
298.88055,52.0548,83.5616
299.17115,,
299.46765,,
299.75655,,
300.04145,14.375,43.125
300.3285,,
300.6178,,
300.90685,,
301.1976,0,0
301.49,,
301.77605,,
302.06125,,
302.36375,11.8919,32.4324
302.661,,
302.966,,
303.2657,,
303.58165,29.8611,71.5278
303.8612,,
304.15405,,
304.455,,
304.78535,34.4828,62.069
305.1204,,
305.44965,,
305.78205,,
306.112,16.312,68.7943
306.4449,,
306.7705,,
307.1086,,
307.43015,12.8571,66.4286
307.76175,,
308.0942,,
308.4025,,
308.75555,27.4854,73.0994
309.08065,,
309.4116,,
309.74265,,
310.04175,5.9761,24.7012
310.331,,
310.62165,,
310.9071,,
311.21735,35.8974,68.5897
311.4806,,
311.77455,,
312.0641,,
312.35545,38.0711,71.5736
312.6569,,
312.95835,,
313.25785,,
313.56065,46.332,81.8533
313.8567,,
314.16345,,
314.46365,,
314.76275,57.9861,83.6806
315.0649,,
315.3717,,
315.68395,,
315.9959,54.1199,79.4007
316.3031,,
316.6112,,
316.91885,,
317.2494,39.5105,63.986
317.59765,,
317.9889,,
318.3591,,
318.73285,23.7864,45.1456
319.1068,,
319.48555,,
319.85585,,
320.2302,12.9032,39.5161
320.62165,,
321.0116,,
321.4072,,
321.79765,18.75,66.5441
322.18325,,
322.57545,,
322.9683,,
323.3653,31.5151,73.9394
323.82775,,
324.28965,,
324.75385,,
325.2132,33.1429,73.7143
325.66485,,
326.1176,,
326.56855,,
327.01535,54.7469,91.4557
327.5073,,
327.9855,,
328.4736,,
328.9673,36.9319,90.3409
329.454,,
329.93925,,
330.42695,,
330.91875,35.6757,64.8649
331.39635,,
331.88715,,
332.3643,,
332.8423,25.9741,50
333.33115,,
333.8121,,
334.2876,,
334.77375,14.2857,23.0769
335.2702,,
335.77745,,
336.2892,,
336.7928,16.3522,32.7044
337.30115,,
337.80575,,
338.31065,,
338.8096,18,32
339.3434,,
339.89595,,
340.48215,,
340.9967,9.44882,37.4016
341.5446,,
342.09015,,
342.6358,,
343.1826,6.80851,33.1915
343.7141,,
344.24125,,
344.75995,,
345.28855,1.53061,19.898
345.8169,,
346.34905,,
346.8788,,
347.39635,8.96552,33.1034
347.90875,,
348.40225,,
348.89815,,
349.3897,12.1213,44.9495
349.89375,,
350.39075,,
350.89305,,
351.3808,16.3462,48.5577
351.88565,,
352.4045,,
352.92395,,
353.43845,6.43776,34.3348
353.9593,,
354.48335,,
355.00015,,
355.5178,12,27.1111
356.0111,,
356.5779,,
357.123,,
357.66595,33.0144,61.244
358.21055,,
358.75385,,
359.30555,,
359.8555,10.6383,38.2979
360.4023,,
360.9415,,
361.47335,,
362.00405,6.89655,30.6034
362.5343,,
363.0618,,
363.59195,,
364.12535,6.95652,40.8696
364.65505,,
365.06565,,
365.45995,,
365.85845,5.77777,34.2222
366.25825,,
366.6583,,
367.05725,,
367.45815,1.22699,13.1902
367.84965,,
368.35325,,
368.8783,,
369.3984,2.94117,24.1176
369.9211,,
370.44375,,
370.9706,,
371.4994,4.24837,34.3137
371.9883,,
372.6361,,
373.3061,,
373.96795,15.7377,46.5574
374.62725,,
375.2954,,
375.9667,,
376.64275,3.1348,11.2853
377.30675,,
378.0665,,
378.9262,,
379.78525,8.1571,31.1178
380.6409,,
381.50295,,
382.3495,,
383.21115,3.28947,15.1316
384.0588,,
384.86595,,
385.6031,,
386.3481,20.5211,49.5114
387.09385,,
387.841,,
388.59775,,
389.3464,10.1156,17.6301
390.1082,,
390.81085,,
391.35585,,
391.9041,6.73077,16.3462
392.41695,,
392.99755,,
393.5424,,
394.0871,2.64901,11.9205
394.62695,,
395.1329,,
395.4648,,
395.78325,17.9153,38.4365
396.1117,,
396.43445,,
396.75735,,
397.0735,18.2411,38.1107
397.39355,,
397.70585,,
398.08495,,
398.4591,30.6306,68.4685
398.8339,,
399.21495,,
399.58975,,
399.9663,42.4623,64.8241
400.3559,,
400.73185,,
401.1312,,
401.5419,10.231,22.4422
401.95085,,
402.36755,,
402.7695,,
403.17765,35.4037,73.2919
403.5865,,
403.9978,,
404.496,,
405.0244,37.0656,74.1313
405.5974,,
406.1073,,
406.6441,,
407.1875,17.1253,30.581
407.72485,,
408.25975,,
408.6852,,
409.05175,27.3312,66.881
409.41975,,
409.7908,,
410.16675,,
410.5428,35.0819,66.2295
410.9239,,
411.3001,,
411.7322,,
412.21305,30.2941,72.9412
412.69975,,
413.18695,,
413.6736,,
414.16015,44,76.6667
414.6485,,
415.13255,,
415.5743,,
415.96885,50,76.9231
416.36185,,
416.7494,,
417.13645,,
417.52195,46.0064,75.0799
417.91265,,
418.2996,,
418.71425,,
419.20655,45.8689,81.1966
419.70805,,
420.21275,,
420.7132,,
421.20705,38.3481,75.5162
421.7098,,
422.20735,,
422.6839,,
423.1112,32.899,74.2671
423.5314,,
423.95295,,
424.37395,,
424.79225,60.3278,80.9836
425.2159,,
425.644,,
426.0682,,
426.56155,19.3846,36.9231
427.00885,,
427.53195,,
428.0157,,
428.5015,2.31023,8.25083
428.9941,,
429.49525,,
429.98145,,
430.43495,0,1.88679
430.87545,,
431.3223,,
431.77375,,
432.2262,0.606061,9.09091
432.683,,
433.1373,,
433.5913,,
434.3699,0,7.07395
435.25475,,
436.12805,,
437.0129,,
437.89185,0,3.48101
438.7745,,
439.65095,,
440.5319,,
441.30195,0.292398,7.30994
442.0099,,
442.7299,,
443.4414,,
444.149,6.47249,14.5631
444.8733,,
445.59535,,
446.32245,,
446.9891,3.31126,8.9404
447.59205,,
448.2016,,
448.81705,,
449.43795,2.23642,9.26518
450.0556,,
450.6738,,
451.2881,,
451.9229,1.91257,13.1148
452.5985,,
453.1935,,
453.95845,,
454.6388,1.63935,13.7705
455.3182,,
455.9965,,
456.6758,,
457.28935,16.2251,41.7219
457.72525,,
458.16445,,
458.6094,,
459.05375,31.1728,49.0741
459.48755,,
459.9206,,
460.3573,,
460.78305,4.9505,10.8911
461.2,,
461.6229,,
462.0431,,
462.4634,9.45273,18.9055
462.8835,,
463.3066,,
463.7216,,
464.14855,13.2701,24.1706
464.6413,,
465.14675,,
465.64905,,
466.1512,23.5577,40.3846
466.65585,,
467.1645,,
467.6749,,
468.175,11.7647,22.1719
468.5868,,
468.98015,,
469.38115,,
469.78485,13.0045,21.0762
470.18015,,
470.57495,,
470.9688,,
471.366,15.2672,27.0992
471.7191,,
472.05275,,
472.3962,,
472.73835,6.10328,15.493
473.07915,,
473.4213,,
473.7622,,
474.1085,11.0553,18.0905
474.47235,,
474.8409,,
475.21015,,
475.58765,38.2489,56.2212
475.949,,
476.3302,,
476.6982,,
477.062,13.7931,28.0788
477.44355,,
477.83445,,
478.22205,,
478.6172,11.5385,25
479.0058,,
479.39735,,
479.7858,,
480.1774,23.3831,51.2438
480.5247,,
480.8448,,
481.1385,,
481.4401,19.4312,27.0142
481.74835,,
482.0485,,
482.35415,,
482.6582,10.5,21
482.9697,,
483.36555,,
483.74375,,
484.1295,17.7778,75.5556
484.51065,,
484.89575,,
485.28425,,
485.66515,42.7027,65.4054
486.04705,,
486.4407,,
486.82665,,
487.2209,45.6731,68.75
487.6098,,
487.99245,,
488.37875,,
488.75735,48.5149,71.7822
489.14075,,
489.573,,
490.00255,,
490.4421,54.4601,82.6291
490.88065,,
491.3261,,
491.77025,,
492.19595,42.5415,85.0829
492.62375,,
493.23035,,
493.86375,,
494.49415,16.3399,93.4641
495.12975,,
495.7652,,
496.39585,,
497.0151,16.8605,80.814
497.639,,
498.285,,
498.9346,,
499.5791,24.7368,83.1579
500.23075,,
500.877,,
501.5299,,
502.18295,23.1156,87.4372
502.8309,,
503.6783,,
504.63,,
505.58365,42.3488,87.5445
506.547,,
507.50365,,
508.4658,,
509.4285,53.3597,81.0277
510.3913,,
511.17615,,
511.8025,,
512.42375,55.5556,83.3333
513.0525,,
513.68165,,
514.31115,,
514.93715,44.0678,79.661
515.5703,,
516.14935,,
516.66345,,
517.1798,34.6154,74.0385
517.6994,,
518.22545,,
518.7368,,
519.2524,25.1852,78.5185
519.75345,,
520.28325,,
520.8651,,
521.44665,25.3012,81.9277
522.02395,,
522.60045,,
523.19415,,
523.78255,28,82.6667
524.3659,,
524.94795,,
525.5389,,
526.12985,29.4606,84.6473
526.9872,,
527.31965,,
527.91965,,
528.51715,37.5546,86.0262
529.1048,,
529.69885,,
530.05105,,
530.4084,36.1702,76.5957
530.76485,,
531.1238,,
531.488,,
531.8524,49.2147,78.534
532.209,,
532.56985,,
532.85655,,
533.14995,47.9167,65.2778
533.43385,,
533.72535,,
534.01105,,
534.3044,34.9206,50.5669
534.59495,,
534.8724,,
535.1694,,
535.4705,3.16206,8.69565
535.7722,,
536.074,,
536.4041,,
536.6868,36.7742,54.1935
536.9947,,
537.2918,,
537.7978,,
538.4114,4.92611,12.8079
539.06215,,
539.63835,,
540.23915,,
540.85055,23.6842,36.8421
541.4496,,
542.06175,,
542.60595,,
543.10225,30.581,57.1865
543.61025,,
544.1272,,
544.6044,,
545.1025,36.4217,57.1885
545.60625,,
546.1082,,
546.622,,
547.15765,16.7183,33.1269
547.69605,,
548.24255,,
548.7871,,
549.32675,34.5277,53.0945
549.8592,,
550.39945,,
550.92305,,
551.427,28.9474,44.7368
551.95075,,
552.4734,,
552.9969,,
553.5221,34.1463,46.3415
554.04025,,
554.5663,,
555.07305,,
555.55185,23.301,41.7476
556.02435,,
556.48975,,
556.96775,,
557.4369,20.8333,34.2593
557.90385,,
558.37905,,
559.03995,,
559.28565,46.0905,72.0165
559.7229,,
560.1673,,
560.61935,,
561.0679,24.6777,42.1731
561.5077,,
561.9498,,
562.37925,,
562.73415,23.2365,33.195
563.07465,,
563.41775,,
563.7593,,
564.10265,52.6863,75.7366
564.4442,,
564.7746,,
565.1024,,
565.42795,25.1816,39.4673
565.7554,,
566.0885,,
566.42,,
566.74525,15.1515,27.2727
567.07045,,
567.39395,,
567.71365,,
568.052,10.0917,21.1009
568.4009,,
568.74265,,
569.09265,,
569.4432,40.2597,73.3766
569.7897,,
570.1373,,
570.47795,,
570.84265,33.6134,74.2297
571.1993,,
571.5694,,
571.9412,,
572.3065,35.7895,83.6842
572.67605,,
573.05405,,
573.41525,,
573.78985,37.4165,81.7372
574.15015,,
574.52705,,
574.8886,,
575.2536,56.3559,92.3729
575.618,,
575.98895,,
576.3543,,
576.71055,41.3483,89.6629
577.06965,,
577.4314,,
577.79305,,
578.1673,63.1579,90.4605
578.5267,,
578.8938,,
579.25365,,
579.6153,68.5714,91.4286
579.9381,,
580.26465,,
580.59365,,
580.9183,63.7749,79.8359
581.24335,,
581.57255,,
581.89535,,
582.2212,51.2048,58.7349
582.5557,,
582.8992,,
583.24005,,
583.5847,36.2712,45.4237
583.9289,,
584.2766,,
584.61625,,
584.9619,17.5047,30.3538
585.38045,,
585.81895,,
586.2534,,
586.69265,22.8013,29.6417
587.13365,,
587.5664,,
588.0022,,
588.4251,50,58.0153
588.8264,,
589.2035,,
589.5949,,
589.97775,58.7699,72.6651
590.3667,,
590.74765,,
591.13035,,
591.4877,59.3361,72.6141
591.9272,,
592.35485,,
592.7845,,
593.21825,30.5296,77.5701
593.65765,,
594.0975,,
594.52335,,
594.951,26.0586,33.5601
595.4854,,
595.92235,,
596.4353,,
596.94565,46.7492,61.9195
597.45335,,
597.9652,,
598.4715,,
598.9856,11.2179,21.7949
599.45785,,
599.8832,,
600.3029,,
600.72555,54.1667,66.3462
601.14345,,
601.57185,,
601.9991,,
602.4342,28.7129,35.6436
602.8536,,
603.25135,,
603.652,,
604.0267,26.8437,34.8083
604.4551,,
604.8601,,
605.26355,,
605.67075,51.2903,60.9677
606.0729,,
606.5253,,
606.98215,,
607.4306,50.2994,68.2635
607.87625,,
608.31655,,
608.75265,,
609.19405,54.2274,70.8455
609.63105,,
610.0022,,
610.3701,,
610.73605,47.0219,68.652
611.11055,,
611.482,,
611.85805,,
612.2341,27.957,88.172
612.6025,,
612.97645,,
613.35245,,
613.72475,18.3099,83.0986
614.09885,,
614.46765,,
614.83935,,
615.21215,15.3846,85.7988
615.57945,,
615.96355,,
616.34705,,
616.73505,26.4706,79.4118
617.118,,
617.49935,,
617.89585,,
618.28375,47.2727,78.6364
618.6618,,
619.0362,,
619.3974,,
619.757,49.8282,67.354
620.12035,,
620.48455,,
620.8418,,
621.20705,39.0909,45
621.5599,,
621.9435,,
622.33285,,
622.71895,20.1835,27.9817
623.10955,,
623.51025,,
623.9081,,
624.305,11.1969,17.3745
624.70105,,
625.0887,,
625.4686,,
625.8435,15.3285,28.4672
626.2179,,
626.59185,,
626.96455,,
627.35595,7.14286,35.1648
627.74495,,
628.14435,,
628.58525,,
629.019,6.89655,26.8966
629.45935,,
629.89025,,
630.32625,,
630.7531,2.13904,14.9733
631.1787,,
631.62805,,
632.14785,,
632.68145,12.0482,24.6988
633.2025,,
633.7246,,
634.2382,,
634.7525,10.9453,27.8607
635.2654,,
635.783,,
636.18855,,
636.58895,10.1604,28.877
636.9985,,
637.3959,,
637.7973,,
638.21245,16,30
638.61225,,
639.01225,,
639.53565,,
640.0841,3.80623,15.2249
640.62335,,
641.1658,,
641.7089,,
642.25215,7.14286,24.2857
642.78885,,
643.31995,,
643.8297,,
644.3421,4.84581,19.3833
644.842,,
645.3474,,
645.84525,,
646.3597,2.92887,11.7155
646.86935,,
647.36485,,
647.8624,,
648.36055,1.66113,11.6279
648.85295,,
649.34995,,
649.85075,,
650.3394,5.94059,20.297
650.84095,,
651.3316,,
651.76025,,
652.12985,8.83978,19.8895
652.50985,,
652.88775,,
653.2632,,
653.6375,3.14342,10.2161
654.0198,,
654.39995,,
654.8694,,
655.4694,4.32277,12.6801
656.0733,,
656.66575,,
657.25845,,
657.84415,5.45455,18.6364
658.4337,,
659.013,,
659.61625,,
660.24895,13.4021,27.8351
660.88395,,
661.51545,,
662.14785,,
662.77385,6.33484,20.8145
663.4066,,
664.0372,,
664.64745,,
665.21015,5.33808,13.1673
665.77155,,
666.3381,,
666.89715,,
667.4497,3.40909,12.5
668.0097,,
668.5773,,
669.1311,,
669.6726,29.1429,52.5714
670.2195,,
670.7631,,
671.30495,,
671.85885,19.7183,38.7324
672.40375,,
672.9603,,
673.52335,,
674.01665,16.8675,39.759
674.541,,
675.0134,,
675.51815,,
676.0177,16.8675,44.5783
676.52365,,
677.0364,,
677.54605,,
678.7024,4.23729,17.7966
680.6063,,
681.9729,,
683.3276,,
684.6869,16.4835,48.3516
686.0408,,
687.3989,,
688.75155,,
689.8321,21.4286,51.7857
690.9243,,
692.0121,,
693.0979,,
694.1879,48.951,65.7343
695.2778,,
696.3701,,
697.4611,,
698.13235,37.5566,52.4887
698.75985,,
699.386,,
700.0043,,
700.6171,24.1026,48.2051
701.23555,,
701.85865,,
702.48,,
703.15275,34.7826,64.6739
703.85735,,
704.571,,
705.27295,,
705.98165,16.1491,38.5093
706.6933,,
707.3993,,
708.09535,,
708.8312,27.2727,50.5051
709.5647,,
710.3118,,
711.04805,,
711.7987,14.5833,40.625
712.54035,,
713.2875,,
714.0229,,
714.83745,5.41176,16.2353
715.71855,,
716.58295,,
717.4595,,
718.3409,4.814,15.9737
719.232,,
720.1116,,
720.9843,,
721.6754,3.75,21.25
722.1162,,
722.5639,,
723.0073,,
723.45545,1.84332,12.4424
723.8963,,
724.3433,,
724.78955,,
725.2616,5.42169,25.3012
725.82075,,
726.3864,,
726.94915,,
727.5218,5.6,27.6
728.0931,,
728.65935,,
729.2196,,
729.77235,1.35135,14.8649
730.3176,,
730.8667,,
731.42235,,
731.9902,11.6959,41.5205
732.5398,,
733.0999,,
733.6988,,
734.2252,23.7288,53.775
734.78665,,
735.33655,,
735.9032,,
736.4558,25.5319,47.3404
737.01645,,
737.57565,,
738.1339,,
738.6909,2.32558,17.4419
739.10335,,
739.5099,,
739.90575,,
740.3012,2.2508,92.6045
740.70135,,
741.08735,,
741.4769,,
741.87025,3.18182,18.6364
742.222,,
742.57265,,
742.91755,,
743.2696,15.4176,45.6103
743.621,,
743.97795,,
744.3225,,
744.6687,3.85852,18.9711
745.05495,,
745.46585,,
745.8819,,
746.29225,5.72519,35.4962
746.70625,,
747.11755,,
747.5187,,
747.93215,5.51724,20.6897
748.35055,,
748.7907,,
749.23255,,
749.67625,18,40.2857
750.11195,,
750.5554,,
750.9902,,
751.4399,0,89.6414
751.8476,,
752.2211,,
752.6033,,
752.97645,11.1538,20.7692
753.3563,,
753.73745,,
754.12685,,
754.5088,11.4391,29.8893
754.90315,,
755.316,,
755.7282,,
756.1336,15.3846,41.2587
756.5448,,
756.9505,,
757.35785,,
757.76805,4.16667,17.5926
758.1771,,
758.6104,,
759.0406,,
759.47915,19.5876,50.5155
759.91275,,
760.3494,,
760.7867,,
761.21415,6.61157,20.1102
761.6538,,
762.1078,,
762.5623,,
763.02035,17.8218,60.7261
763.47185,,
763.92785,,
764.3858,,
764.8346,21.0702,61.8729
765.27495,,
765.7148,,
766.15785,,
766.6031,2.53807,14.7208
767.05,,
767.49105,,
767.9392,,
768.3851,18.018,74.7748
768.82695,,
769.28705,,
769.74775,,
770.2044,31.5493,59.4366
770.66685,,
771.12815,,
771.59805,,
772.07035,41.2121,83.0303
772.544,,
773.13715,,
773.8015,,
774.4643,29.055,67.2779
775.12775,,
775.78095,,
776.44725,,
777.0981,22.3757,82.5967
777.75755,,
778.48195,,
779.2696,,
780.0606,31.5956,76.9352
780.8521,,
781.5826,,
782.42735,,
783.2102,19.5876,69.0722
783.9975,,
784.72585,,
785.4023,,
786.0715,60.061,77.439
786.77185,,
787.4325,,
788.1194,,
788.80075,12.9129,24.9249
789.47875,,
790.09015,,
790.52265,,
790.9665,6.08365,16.73
791.4161,,
791.86345,,
792.3081,,
792.74425,0,17.8439
793.17995,,
793.6512,,
794.30865,,
794.9765,0.452489,23.5294
795.6444,,
796.30375,,
796.96195,,
797.62705,2.05761,13.9918
798.2845,,
798.9446,,
799.59325,,
800.24405,5,13.6364
800.89325,,
801.54775,,
802.1944,,
802.84885,2.28311,9.13242
803.5035,,
804.14535,,
804.83815,,
805.52925,16.055,33.0275
806.22065,,
806.9217,,
807.6249,,
808.32905,8.4507,19.7183
809.02975,,
809.7291,,
810.3283,,
810.89175,25.4386,46.9298
811.45875,,
812.02545,,
812.6246,,
813.15735,36.1111,59.5238
813.72565,,
814.28925,,
814.8171,,
815.33,36.8644,73.3051
815.848,,
816.36055,,
816.8754,,
817.3867,23.301,54.3689
817.9014,,
818.418,,
818.89765,,
819.36005,34.3434,66.6667
819.8157,,
820.27945,,
820.7399,,
821.19775,33.5065,65.974
821.66,,
822.1217,,
822.54805,,
822.9437,3.37079,30.3371
823.33215,,
823.7287,,
824.11285,,
824.50265,26.087,75.8454
824.8899,,
825.2723,,
825.6806,,
826.13785,44.7458,76.2712
826.59655,,
827.05525,,
827.5154,,
827.97375,25.2747,81.3187
828.43835,,
828.9098,,
829.41415,,
830.15225,6.66667,26.6667
830.88935,,
831.6285,,
832.36435,,
833.1057,28.2353,80
833.84505,,
834.56925,,
835.3165,,
836.32035,9.52381,28.0423
837.32335,,
838.3221,,
839.32135,,
840.32195,43.4109,82.9457
841.31495,,
842.30295,,
843.29555,,
844.27915,46.8599,71.4976
845.26155,,
846.31255,,
847.2359,,
848.229,23.0769,33.3333
849.2331,,
850.23595,,
851.23215,,
852.24325,21.4286,70.2381
853.27365,,
854.3006,,
855.32435,,
856.3425,29.7143,80.5714
857.36125,,
858.3814,,
859.40415,,
860.3957,28.4091,87.5
861.44575,,
862.37565,,
863.36555,,
864.3502,0,0
865.34725,,
866.3477,,
867.41625,,
868.14435,0,4.12371
868.7462,,
869.3543,,
869.95585,,
870.56105,6.0241,20.4819
871.16295,,
871.7611,,
872.36405,,
872.9032,8,29.2683
873.33725,,
873.781,,
874.22565,,
874.65855,10.6796,32.0388
875.1033,,
875.54125,,
875.9736,,
876.43965,0,25.3012
876.96485,,
877.5086,,
878.0397,,
878.5754,2.29885,8.04598
879.10755,,
879.65195,,
880.1798,,
880.7031,1.25786,16.9811
881.1796,,
881.6687,,
882.1514,,
882.6304,4.66667,19.3333
883.11475,,
883.60925,,
884.0896,,
884.5631,0.561798,13.4831
885.0977,,
885.6116,,
886.13035,,
886.66125,0.854701,13.6752
887.1948,,
887.72545,,
888.25755,,
888.7826,4.83092,38.1643
889.53305,,
890.31165,,
891.0909,,
891.88275,12.1547,56.9061
892.66405,,
893.44085,,
894.2164,,
894.99485,7.03125,54.6875
895.9078,,
896.8711,,
897.8405,,
898.7944,7.48299,37.415
899.749,,
900.6988,,
901.59805,,
902.6048,3.94089,49.7537
903.50335,,
904.38425,,
905.28475,,
906.16625,16.0494,54.321
907.05705,,
907.9542,,
908.8373,,
909.7202,19.2771,73.494
910.76055,,
911.94245,,
913.1298,,
914.30825,3.26087,19.5652
915.5024,,
916.69205,,
917.8931,,
919.0874,0,15.2542
919.93365,,
920.32115,,
920.71315,,
921.10345,5.42636,10.8527
921.4829,,
921.8647,,
922.2458,,
922.6238,5.88235,35.2941
922.98765,,
923.34335,,
923.6952,,
924.04,8.51064,31.9149
924.39515,,
924.73775,,
925.08965,,
925.44295,2.1978,8.79121
925.8,,
926.2007,,
926.61185,,
927.01585,19.6721,48.3607
927.42585,,
927.8427,,
928.2462,,
928.65645,7.54717,30.1887
929.0513,,
929.4581,,
929.8592,,
930.2521,0,0
930.64985,,
931.04095,,
931.43945,,
931.83775,2.54237,26.2712
932.23705,,
932.62865,,
933.02225,,
933.4222,25,85.1351
933.82105,,
934.2264,,
934.63065,,
935.0292,11.5646,32.6531
935.43045,,
935.84805,,
936.277,,
936.70695,22.1154,58.6538
937.1411,,
937.56805,,
937.98745,,
938.4111,46.4516,69.6774
938.8432,,
939.2421,,
939.60935,,
940.0253,54.3379,79.9087
940.41405,,
940.804,,
941.1913,,
941.5827,44.0367,72.4771
941.98605,,
942.40105,,
942.8367,,
943.26675,27.972,76.9231
943.6998,,
944.12095,,
944.55045,,
944.97595,35.461,80.1418
945.4053,,
945.83945,,
946.3022,,
946.76025,27.9236,81.6229
947.2243,,
947.681,,
948.14075,,
948.59765,17.0478,88.3576
949.05425,,
949.48855,,
949.9133,,
950.335,20.9524,82.381
950.7625,,
951.1868,,
951.60885,,
952.0349,23.0435,82.1739
952.45605,,
952.8795,,
953.3594,,
953.83915,32.0346,74.026
954.31715,,
954.7946,,
955.2696,,
955.74975,61.7729,75.6233
956.22555,,
956.75485,,
957.1634,,
957.62065,59.0406,68.2657
958.07685,,
958.55115,,
959.0233,,
959.49625,45.8599,54.7771
959.94755,,
960.4394,,
960.8492,,
961.2461,45.6897,52.0115
961.65025,,
962.0654,,
962.47695,,
962.8904,18.7097,32.5806
963.29595,,
963.69715,,
964.05575,,
964.40455,19.4444,40.7407
964.74975,,
965.09815,,
965.44195,,
965.7817,5.22388,12.6866
966.1269,,
966.45885,,
966.7925,,
967.0953,14.2857,45.6044
967.40855,,
967.7183,,
968.0332,,
968.3412,5.23256,43.6047
968.648,,
968.95885,,
969.27655,,
969.59465,10.5263,60.3239
969.9089,,
970.22665,,
970.5398,,
970.862,22.561,63.4146
971.17915,,
971.4929,,
971.80325,,
972.1285,10.1911,24.2038
972.4596,,
972.78135,,
973.11265,,
973.44305,40,67.8788
973.77025,,
974.0936,,
974.42745,,
974.7663,48.8462,60.3846
975.102,,
975.445,,
975.77715,,
976.083,48.3516,58.9744
976.4495,,
976.79975,,
977.1312,,
977.42655,32.7957,44.086
977.7229,,
978.0214,,
978.3378,,
978.6277,44.4976,56.2201
978.9658,,
979.2331,,
979.5329,,
979.80455,38.6364,52.2727
980.0793,,
980.3548,,
980.62905,,
980.9072,16.0643,29.7189
981.18255,,
981.4593,,
981.7377,,
982.0408,51.752,77.0889
982.35915,,
982.6675,,
982.9953,,
983.30705,11.3772,50.2994
983.6296,,
983.9493,,
984.2675,,
984.71205,19.7479,55.8824
985.1969,,
985.69135,,
986.1835,,
986.68085,18.6747,67.1687
987.17275,,
987.65195,,
988.14035,,
988.8569,24.6951,71.6463
989.7133,,
990.5617,,
991.4049,,
992.2506,42.9952,69.0821
993.0892,,
993.9235,,
994.7531,,
995.60965,27.7778,46.8254
996.50055,,
997.4072,,
998.3183,,
999.22635,32.7586,44.8276
1000.201,,
1001.0475,,
1001.952,,
1002.772,18.9189,31.5315
1003.472,,
1004.182,,
1004.8945,,
1005.615,9.43396,20.7547
1006.3445,,
1007.065,,
1007.761,,
1008.4055,23,57
1008.867,,
1009.3285,,
1009.7865,,
1010.2465,31.7073,53.6585
1010.7065,,
1011.1585,,
1011.613,,
1012.057,8.06452,35.4839
1012.499,,
1012.938,,
1013.372,,
1013.814,0,0
1014.311,,
1014.6905,,
1015.127,,
1015.564,33.5526,60.5263
1016.0015,,
1016.4435,,
1016.8785,,
1017.316,33.7931,60
1017.749,,
1018.19,,
1018.6205,,
1019.058,13.8686,31.3869
1019.501,,
1019.964,,
1020.406,,
1020.8565,13.7097,49.1935
1021.3,,
1021.743,,
1022.1945,,
1022.635,29.6296,50.3704
1023.0605,,
1023.4835,,
1023.9135,,
1024.343,45.3441,70.8502
1024.77,,
1025.1995,,
1025.621,,
1026.052,46.281,74.7934
1026.478,,
1026.8985,,
1027.33,,
1027.75,14.5455,24.3636
1028.1865,,
1028.609,,
1029.0455,,
1029.4685,28.2609,48.3696
1029.8915,,
1030.239,,
1030.6095,,
1030.9785,40.796,57.2139
1031.349,,
1031.7225,,
1032.1065,,
1032.488,23.0216,43.1655
1032.8915,,
1033.337,,
1033.7745,,
1034.2175,10,55
1034.6595,,
1035.1115,,
1035.5565,,
1036.0065,2.29885,44.8276
1036.5015,,
1037.1185,,
1037.7365,,
1038.349,14.2857,38.0952
1038.949,,
1039.5525,,
1040.1515,,
1040.7535,7.92079,30.6931
1041.353,,
1041.987,,
1042.6145,,
1043.2405,9.34959,18.2927
1043.872,,
1044.502,,
1045.14,,
1045.7765,3.6036,15.3153
1046.4145,,
1047.0685,,
1047.732,,
1048.3885,7.64706,21.1765
1049.0495,,
1049.7105,,
1050.3705,,
1051.034,25.7732,61.8557
1051.683,,
1052.3025,,
1052.9115,,
1053.521,19.8529,37.5
1054.1315,,
1054.748,,
1055.371,,
1055.9955,18.4615,53.8462
1056.6265,,
1057.146,,
1057.639,,
1058.1325,6.79612,46.6019
1058.6235,,
1059.119,,
1059.6065,,
1060.093,8.87097,79.0323
1060.591,,
1061.0295,,
1061.4515,,
1061.8805,9.69388,79.5918
1062.3015,,
1062.718,,
1063.135,,
1063.556,10.6061,93.4343
1063.974,,
1064.377,,
1064.787,,
1065.202,14.0625,87.1094
1065.6175,,
1066.0175,,
1066.4365,,
1066.8485,22.6994,88.3436
1067.257,,
1067.6795,,
1068.0965,,
1068.527,35.7414,90.1141
1068.9605,,
1069.3965,,
1069.8225,,
1070.2575,39.2523,86.4486
1070.686,,
1071.13,,
1071.636,,
1072.1445,62.7119,87.4576
1072.648,,
1073.1585,,
1073.6685,,
1074.1875,50.5929,75.4941
1074.7285,,
1075.208,,
1075.765,,
1076.3195,34.0502,73.8351
1076.8775,,
1077.4405,,
1078.0085,,
1078.5625,42.8044,92.2509
1079.1205,,
1079.67,,
1080.2405,,
1080.8045,47.8102,90.8759
1081.368,,
1081.9215,,
1082.476,,
1083.034,25.6716,81.4925
1083.587,,
1084.145,,
1084.709,,
1085.295,35.7576,90.9091
1085.858,,
1086.435,,
1086.9965,,
1087.572,17,79
1088.1375,,
1088.6945,,
1089.2915,,
1089.8965,34.375,81.875
1090.501,,
1091.103,,
1091.7135,,
1092.315,18.9189,80.1802
1092.922,,
1093.53,,
1094.0895,,
1094.6145,35.2,85.6
1095.14,,
1095.6745,,
1096.2045,,
1096.74,16.8675,30.1205
1097.2835,,
1097.8205,,
1098.339,,
1098.842,0,0
1099.3505,,
1099.85,,
1100.341,,
1100.847,14.2857,35.023
1101.332,,
1101.8215,,
1102.305,,
1102.768,20.9877,40.1235
1103.231,,
1103.711,,
1104.18,,
1104.646,23.3766,64.2857
1105.1175,,
1105.5875,,
1106.0525,,
1106.542,49.6951,87.1951
1107.014,,
1107.5425,,
1108.037,,
1108.5295,47.8261,80.2676
1109.0875,,
1109.583,,
1110.013,,
1110.486,29.3388,42.9752
1110.9745,,
1111.4665,,
1111.945,,
1112.423,51.7857,76.0714
1112.8735,,
1113.3895,,
1113.866,,
1114.3355,46.371,72.9839
1114.8035,,
1115.272,,
1115.7365,,
1116.208,31.5385,59.2308
1116.6765,,
1117.14,,
1117.607,,
1118.117,0,0
1118.6345,,
1119.151,,
1119.6655,,
1120.185,4.62428,17.341
1120.7075,,
1121.228,,
1121.7475,,
1122.3205,6.81818,17.6136
1122.917,,
1123.509,,
1124.101,,
1124.699,1.85185,13.8889
1125.295,,
1125.884,,
1126.4745,,
1127.086,9.80392,34.3137
1127.7255,,
1128.3495,,
1128.987,,
1129.615,23.0769,61.5385
1130.2445,,
1130.8735,,
1131.4945,,
1132.1875,14.5833,27.7778
1132.9405,,
1133.699,,
1134.453,,
1135.2085,11,29
1135.956,,
1136.696,,
1137.438,,
1138.18,1.51515,14.1414
1138.923,,
1139.689,,
1140.438,,
1141.203,27.3504,58.9744
1141.9495,,
1142.7075,,
1143.459,,
1144.2195,7.69231,18.3432
1145.0075,,
1145.7995,,
1146.597,,
1147.3835,39.1304,56.5217
1148.1745,,
1148.9665,,
1149.773,,
1150.51,41.1765,60.5042
1150.907,,
1151.304,,
1151.6965,,
1152.0855,19.7452,38.8535
1152.475,,
1152.8605,,
1153.2465,,
1153.625,30.8824,58.8235
1154.0945,,
1154.5735,,
1155.0455,,
1155.5145,28.2609,76.087
1155.987,,
1156.443,,
1156.901,,
1157.3615,23.4043,82.9787
1157.855,,
1158.3485,,
1158.842,,
1159.344,21.9512,84.1463
1159.844,,
1160.3445,,
1160.8415,,
1161.325,35.2941,84.3137
1161.7635,,
1162.184,,
1162.6,,
1163.021,48.2143,84.8214
1163.4465,,
1163.867,,
1164.281,,
1164.708,57.6299,90.2597
1165.135,,
1165.5765,,
1166.019,,
1166.4545,60.9562,90.9695
1166.897,,
1167.3465,,
1167.7985,,
1168.2445,67.7885,95.6731
1168.6845,,
1169.121,,
1169.5645,,
1170.016,26.4099,97.1114
1170.4595,,
1170.91,,
1171.352,,
1171.7995,23.949,92.9936
1172.379,,
1173.171,,
1173.9765,,
1174.7885,17.973,93.2432
1175.583,,
1176.3765,,
1177.173,,
1177.962,16.0173,95.8153
1178.751,,
1179.5535,,
1180.348,,
1181.1445,21.6954,94.2529
1181.937,,
1182.74,,
1183.532,,
1184.3185,60.4569,97.0123
1185.147,,
1186.2185,,
1187.291,,
1188.3765,49.6942,94.0367
1189.4575,,
1190.5405,,
1191.628,,
1192.7185,25.7576,35.4978
1193.7815,,
1194.745,,
1195.704,,
1196.6695,50.4983,76.0797
1197.629,,
1198.5635,,
1199.5105,,
1200.454,18.0233,78.1008
1201.4,,
1202.474,,
1203.568,,
1204.659,12.7072,49.1713
1205.75,,
1206.855,,
1207.954,,
1209.053,39.4572,70.7724
1210.1335,,
1210.863,,
1211.477,,
1212.0915,18.617,52.1277
1212.712,,
1213.336,,
1213.9525,,
1214.566,13.4783,85.8696
1215.1745,,
1215.7805,,
1216.4,,
1217.0035,15.5039,55.0388
1217.6125,,
1218.2175,,
1218.823,,
1219.4235,21.2707,88.9503
1220.027,,
1220.637,,
1221.246,,
1221.8675,51.3393,95.5357
1222.484,,
1223.1005,,
1223.728,,
1224.3405,37.2014,95.0512
1224.9585,,
1225.557,,
1226.1215,,
1226.6935,41.3695,97.7175
1227.274,,
1227.86,,
1228.4475,,
1229.0315,36.228,98.1004
1229.6055,,
1230.1395,,
1230.5995,,
1231.0585,26.6846,98.5175
1231.517,,
1231.9715,,
1232.4235,,
1232.9445,28.877,97.6827
1233.317,,
1233.77,,
1234.2435,,
1234.718,27.1357,98.325
1235.183,,
1235.6615,,
1236.147,,
1236.6165,32.7362,97.3941
1237.097,,
1237.5725,,
1238.0405,,
1238.5045,55.2469,95.5247
1238.9695,,
1239.4415,,
1239.9135,,
1240.383,51.8325,97.2077
1240.8505,,
1241.329,,
1241.812,,
1242.3075,54.1586,91.2959
1242.804,,
1243.307,,
1243.8035,,
1244.2985,49.0066,58.6093
1244.795,,
1245.285,,
1245.721,,
1246.1385,33.9921,46.2451
1246.5705,,
1247.006,,
1247.4305,,
1247.8655,35.2798,68.6131
1248.2985,,
1248.7245,,
1249.3245,,
1250.024,6.27615,53.5565
1250.726,,
1251.4245,,
1252.125,,
1252.819,12.8049,68.5976
1253.4985,,
1254.192,,
1254.9915,,
1255.8925,31.982,60.3604
1256.7885,,
1257.6955,,
1258.604,,
1259.517,50.4918,74.7541
1260.413,,
1261.318,,
1262.164,,
1262.943,38.7978,84.6995
1263.7245,,
1264.512,,
1265.305,,
1266.097,21.729,95.0935
1266.8895,,
1267.689,,
1268.755,,
1270.5795,24.9012,89.7233
1272.3945,,
1274.2175,,
1276.048,,
1277.8795,13.6476,95.7816
1279.706,,
1281.541,,
1283.2365,,
1284.194,34.2495,96.6173
1285.1535,,
1286.119,,
1287.0835,,
1288.078,30.9333,94.1333
1289.0335,,
1290.0115,,
1290.965,,
1291.535,43.6482,88.2736
1292.1005,,
1292.6695,,
1293.2355,,
1293.801,19.0981,36.6048
1294.373,,
1294.938,,
1295.501,,
1296.0825,22.2488,66.5072
1296.676,,
1297.276,,
1297.871,,
1298.4775,21.5278,37.037
1299.072,,
1299.6725,,
1300.2665,,
1300.9065,23.8193,42.9158
1301.575,,
1302.262,,
1302.946,,
1303.6235,31.8919,90.4505
1304.3035,,
1304.963,,
1305.6155,,
1306.181,41.573,58.2022
1306.7035,,
1307.225,,
1307.749,,
1308.2825,43.761,92.9701
1308.8075,,
1309.334,,
1309.8535,,
1310.3805,35.6895,92.0046
1310.9385,,
1311.4935,,
1312.044,,
1312.596,36.2264,93.2075
1313.151,,
1313.6965,,
1314.254,,
1314.809,36.8421,92.8793
1315.3775,,
1315.9515,,
1316.5315,,
1317.112,39.2857,84.0909
1317.689,,
1318.256,,
1318.8305,,
1319.398,21.5962,76.5258
1319.9305,,
1320.4665,,
1321.008,,
1321.542,15.1515,68.1818
1322.082,,
1322.6245,,
1323.18,,
1323.923,9.65517,14.8276
1325.8385,,
1327.749,,
1329.6705,,
1332.2015,18.6667,46
1334.1215,,
1336.0465,,
1337.9575,,
1339.461,6.61765,41.1765
1339.9135,,
1340.5865,,
1341.257,,
1341.943,4.8,53.6
1342.642,,
1343.337,,
1344.0145,,
1344.672,8.58209,77.6119
1345.1395,,
1345.576,,
1346.0195,,
1346.4535,13.0802,86.4979
1346.8935,,
1347.332,,
1347.7735,,
1348.2045,19.2547,86.3354
1348.639,,
1349.0675,,
1349.4965,,
1349.9235,39.7037,90.5185
1350.3565,,
1350.785,,
1351.2145,,
1351.6455,38.9809,88.7898
1352.0555,,
1352.449,,
1352.8435,,
1353.246,53.9455,85.5093
1353.644,,
1354.033,,
1354.425,,
1354.813,51.3399,85.6135
1355.2155,,
1355.655,,
1356.093,,
1356.5265,43.6185,81.9074
1356.9625,,
1357.397,,
1357.834,,
1358.275,48.6601,86.6008
1358.6895,,
1359.098,,
1359.512,,
1359.932,54.321,81.07
1360.347,,
1360.7655,,
1361.184,,
1361.605,52.1295,82.9642
1362.012,,
1362.401,,
1362.7945,,
1363.183,42.6513,88.4726
1363.573,,
1363.9595,,
1364.341,,
