time_medstack,O18_medstack,C13_medstack
0,0.45,1.78
1,0.19,1.88
2,-0.12,1.57
3,-0.1,1.52
4,-0.1,1.53
5,-0.27,1.3
6,-0.2,1.05
7,-0.57,0.94
8,-0.67,0.89
9,-0.69,0.98
10,-0.31,1.08
11,0.37,1.16
12,0.93,0.86
13,1.09,1.17
14,1.14,1.23
15,1.3,1.15
16,1.8,1.17
17,2.13,1.39
18,2.37,1.52
19,2.6,1.54
20,2.83,1.57
21,2.77,1.58
22,2.72,1.57
23,2.75,1.62
24,2.73,1.53
25,2.68,1.35
26,2.66,1.3
27,2.59,1.27
28,2.53,1.16
29,2.48,1.21
30,2.67,1.42
31,2.63,1.38
32,2.69,1.27
33,2.39,1.18
34,2.04,1.16
35,2.12,1.2
36,2.24,1.09
37,2.24,0.9
38,2.51,0.88
39,2.46,1.11
40,2.27,0.89
41,2.25,0.7
42,2.01,0.76
43,1.79,0.82
44,1.68,0.99
45,1.45,1
46,1.65,1.08
47,1.47,1.12
48,1.44,1.08
49,1.28,1
50,1.29,1.24
51,1.86,1.26
52,1.38,1.15
53,1.38,1.08
54,1.41,1.07
55,1.56,1.06
56,1.53,1.03
57,1.47,0.97
58,1.8,0.93
59,1.8,1.04
60,1.8,1.2
61,1.61,1.46
62,1.83,1.53
63,1.97,1.44
64,2.05,1.21
65,1.97,1.14
66,1.63,1.16
67,1.83,1.32
68,1.59,1.41
69,1.44,1.4
70,1.58,1.37
71,1.7,1.29
72,1.75,1.2
73,1.64,1.25
74,1.53,1.28
75,1.27,1.26
76,1.02,1.23
77,0.78,1.2
78,0.59,1.13
79,0.4,1.06
80,0.15,1.03
81,-0.18,1.03
82,0.14,1.01
83,0.77,1.17
84,1.14,1.32
85,1.11,1.41
86,1.21,1.53
87,1.24,1.65
88,1.57,1.48
89,1.34,1.23
90,1.16,1.3
91,1.19,1.34
92,1.39,1.22
93,1.14,1.16
94,1.04,1.14
95,0.88,1.18
96,0.64,1.21
97,0.33,1.23
98,0.46,1.23
99,0.5,1.12
100,-0.63,0.97
101,-0.68,0.93
102,-0.12,1.04
103,-0.11,0.86
104,0.09,0.76
105,0.1,0.72
106,0.25,0.87
107,0.85,1.01
108,0.93,1.16
109,1.12,1.27
110,1.31,1.35
111,1.19,1.3
112,1.07,1.24
113,0.95,1.19
114,0.99,1.17
115,0.74,1.14
116,0.48,1.08
117,0.44,1
118,0.5,0.93
119,0.26,0.8
120,-0.07,0.45
121,-0.35,0.51
122,-0.55,0.39
123,-0.87,0.36
124,-0.49,0.38
125,-0.51,0.37
126,-0.58,0.44
127,-0.53,0.57
128,-0.57,0.56
129,-0.39,0.57
130,0.7,0.78
131,0.88,0.92
132,0.93,0.9
133,1.45,0.79
134,1.52,0.91
135,1.92,0.97
136,2.33,0.93
137,2.42,0.77
138,2.25,0.79
139,2.08,0.78
140,1.92,0.76
141,1.76,0.76
142,1.71,0.79
143,1.81,0.81
144,1.72,0.84
145,1.67,0.87
146,1.64,0.9
147,1.62,0.92
148,1.6,0.9
149,1.51,0.89
150,1.37,0.88
151,1.24,0.87
152,1.11,0.86
153,1,0.85
154,1.25,0.9
155,1.51,0.94
156,1.53,0.98
157,1.49,1.02
158,1.53,0.99
159,1.67,0.83
160,1.26,0.78
161,1.27,0.85
162,1.47,0.93
163,1.68,1
164,1.13,1.02
165,0.89,0.8
166,1.23,0.59
167,1.34,0.59
168,1.43,0.59
169,1.37,0.59
170,1.3,0.59
171,1.24,0.6
172,1.19,0.64
173,1.14,0.68
174,1.09,0.72
175,1.04,0.76
176,0.99,0.8
177,0.96,0.86
178,1.04,0.74
179,0.87,0.88
180,1.06,0.89
181,1.26,0.86
182,1.41,0.8
183,1.43,0.78
184,1.34,0.81
185,1.24,0.82
186,1.17,0.87
187,1.11,0.94
188,1.04,1.02
189,0.97,1.03
190,0.77,1.04
191,0.08,1.02
192,-0.39,1
193,-0.56,0.95
194,-0.95,0.83
195,-1.16,0.49
196,-1,0.64
197,-0.17,0.7
198,0.26,0.65
199,0.77,0.85
200,0.85,1.1
201,0.93,1.1
202,0.92,1.12
203,0.85,1.17
204,0.8,1.21
205,0.57,1.26
206,0.16,1.31
207,0.16,1.2
208,0.33,0.96
209,0.18,0.92
210,0.15,0.76
211,-0.01,0.43
212,-0.18,0.19
213,-0.28,0.19
214,-0.39,0.17
215,-0.69,0.31
216,-0.68,0.09
217,-0.39,0.14
218,0.56,0.28
219,0.15,0.32
220,-0.39,0.25
221,-0.2,0.4
222,0.15,0.52
223,-0.01,0.54
224,0.09,0.55
225,0.52,0.58
226,0.83,0.6
227,1.07,0.6
228,1.16,0.62
229,1.2,0.66
230,1.24,0.69
231,1.26,0.72
232,1.07,0.75
233,0.88,0.79
234,0.7,0.83
235,0.48,0.79
236,0.28,0.72
237,0.07,0.58
238,-0.05,0.58
239,0,0.66
240,0.15,0.75
241,0.36,0.81
242,0.58,1
243,0.84,1.1
244,0.82,1.2
245,0.81,1.26
246,0.96,1.18
247,1.08,1.1
248,1.17,1.01
249,1.29,0.93
250,1.45,0.89
251,1.63,0.88
252,1.74,0.87
253,1.65,0.84
254,1.55,0.81
255,1.5,0.74
256,1.54,0.65
257,1.5,0.58
258,1.45,0.56
259,1.4,0.56
260,1.4,0.55
261,1.4,0.54
262,1.43,0.55
263,1.55,0.62
264,1.69,0.71
265,1.82,0.78
266,1.85,0.82
267,1.87,0.85
268,1.9,0.89
269,1.94,0.92
270,1.98,0.96
271,1.99,0.97
272,2.04,0.99
273,2.12,0.9
274,2.19,0.9
275,2.1,0.95
276,1.93,1
277,1.75,1.05
278,1.6,1.06
279,1.46,1.04
280,1.34,1.02
281,1.22,1
282,1.11,1.06
283,0.96,1.12
284,0.8,1.2
285,0.67,1.25
286,0.51,1.27
287,0.42,1.25
288,0.4,1.23
289,0.61,1.27
290,0.83,1.26
291,1.01,1.13
292,1.19,0.95
293,1.34,0.78
294,1.44,0.64
295,1.38,0.63
296,1.26,0.64
297,1.12,0.7
298,1.02,0.79
299,0.98,0.9
300,1.02,1.02
301,1.06,1.13
302,1.06,1.22
303,0.87,1.21
304,0.68,1.19
305,0.74,1.14
306,0.97,1.09
307,0.92,1.08
308,0.96,1.07
309,0.97,1.06
310,0.91,1.03
311,1.03,1.05
312,1.02,1.19
313,1,1.14
314,0.98,1.07
315,0.91,1.06
316,0.96,1.05
317,1.15,1.05
318,1.22,1.08
319,1.16,1.13
320,1.06,1.17
321,0.85,1.18
322,0.65,1.19
323,0.45,1.2
324,0.24,1.17
325,0.02,1.12
326,-0.07,0.98
327,-0.05,0.79
328,-0.19,0.61
329,-0.35,0.46
330,-0.2,0.46
331,-0.14,0.42
332,-0.43,0.36
333,-0.11,0.57
334,0.03,0.6
335,0.03,0.61
336,0.3,0.58
337,0.85,0.64
338,1.15,0.76
339,1.27,0.87
340,1.3,0.78
341,1.33,0.68
342,1.32,0.64
343,1.3,0.69
344,1.45,0.74
345,1.61,0.79
346,1.53,0.8
347,1.48,0.8
348,1.44,0.8
349,1.51,0.85
350,1.57,0.92
351,1.64,0.98
352,1.73,0.97
353,1.78,0.94
354,1.79,0.9
355,1.77,0.93
356,1.76,0.98
357,1.85,1.03
358,1.85,1.04
359,1.81,1.07
360,1.71,1.09
361,1.61,1.12
362,1.51,1.14
363,1.44,1.14
364,1.3,1.09
365,1.22,1.01
366,1.12,0.94
367,1.07,0.91
368,1.14,0.99
369,1.24,1.08
370,1.21,1.15
371,1.1,1.2
372,0.98,1.24
373,0.91,1.26
374,0.93,1.19
375,0.9,1.12
376,0.91,1.12
377,0.94,1.11
378,0.85,1.08
379,0.63,1.05
380,0.7,1.1
381,0.85,1.24
382,0.98,1.37
383,1.02,1.38
384,1.06,1.34
385,1.25,1.31
386,1.28,1.27
387,1.24,1.26
388,1.07,1.24
389,0.96,1.21
390,0.94,1.23
391,0.71,1.29
392,0.54,1.37
393,0.51,1.4
394,0.49,1.42
395,0.43,1.41
396,0.51,1.3
397,0.41,1.19
398,0.24,1.11
399,0.4,1.13
400,0.57,1.15
401,0.76,1.13
402,0.88,1.06
403,0.86,0.98
404,-0.19,0.36
405,-0.46,0.15
406,-0.64,0.04
407,-1.05,0.05
408,-1.11,0.08
409,-0.94,0.13
410,-0.78,0.18
411,-0.61,0.23
412,-0.45,0.28
413,-0.28,0.33
414,-0.11,0.38
415,0.05,0.42
416,0.08,0.47
417,0.09,0.51
418,0.1,0.55
419,0.11,0.6
420,0.12,0.64
421,0.13,0.68
422,0.14,0.73
423,0.15,0.77
424,0.16,0.81
425,0.22,0.86
426,0.33,0.9
427,0.44,0.95
428,0.55,0.99
429,0.61,1
430,0.65,1
431,0.69,1
432,0.74,1
433,0.76,1
434,0.79,1
435,0.81,0.96
436,0.81,0.89
437,0.59,0.82
438,0.16,0.76
439,0.03,0.76
440,0.11,0.79
441,0.01,0.79
442,-0.18,0.79
443,-0.1,0.76
444,0.08,0.71
445,0.31,0.72
446,0.55,0.73
447,0.79,0.75
448,1.02,0.76
449,1.25,0.7
450,1.47,0.64
451,1.77,0.67
452,2.07,0.71
453,1.97,0.83
454,1.84,0.95
455,1.58,0.87
456,1.34,0.82
457,1.2,0.85
458,1.13,0.88
459,1.31,0.91
460,1.44,0.93
461,1.56,0.97
462,1.68,1.01
463,1.78,1.05
464,1.85,1.09
465,1.84,1.12
466,1.84,1.15
467,1.84,1.17
468,1.82,1.19
469,1.66,1.18
470,1.5,1.16
471,1.33,1.14
472,1.19,1.15
473,1.1,1.25
474,0.91,1.34
475,0.49,1.44
476,0.3,1.49
477,0.56,1.5
478,0.72,1.52
479,0.76,1.53
480,0.78,1.54
481,0.74,1.52
482,0.6,1.5
483,0.38,1.49
484,0.39,1.44
485,0.62,1.41
486,0.71,1.36
487,0.84,1.12
488,0.86,1.02
489,0.51,1.22
490,0.34,1.36
491,0.59,1.27
492,0.41,1.13
493,-0.33,1.22
494,-0.6,1.23
495,-0.48,1.06
496,-0.37,1.03
497,-0.72,1.25
498,-0.98,1.4
499,-0.67,1.08
500,-0.42,0.89
501,-0.47,1.25
502,-0.32,1.36
503,-0.07,1.32
504,0.2,1.19
505,0.22,1.43
506,0.33,1.49
507,0.56,1.33
508,0.78,1.16
509,0.75,1.19
510,0.63,1.36
511,0.83,1.32
512,0.93,1.28
513,0.79,1.3
514,0.75,1.63
515,1.08,1.63
516,0.87,1.6
517,0.84,1.49
518,0.69,1.62
519,0.61,1.61
520,0.62,1.44
521,0.68,1.28
522,0.73,1.23
523,0.64,1.32
524,0.5,1.2
525,0.37,1.08
526,0.4,1.01
527,0.11,1.35
528,0.11,1.38
529,0.11,1.41
530,0.12,1.44
531,0.17,1.45
532,0.18,1.44
533,-0.02,1.43
534,-0.22,1.42
535,-0.14,1.36
536,0.04,1.28
537,0.15,1.18
538,0.19,1.09
539,0.35,1.01
540,0.71,1
541,1.02,1.01
542,1.04,1.02
543,1.05,1.03
544,1.06,1.04
545,1.01,1
546,0.87,0.96
547,0.67,0.92
548,0.44,0.88
549,0.07,0.84
550,-0.23,0.78
551,-0.52,0.73
552,-0.63,0.67
553,-0.1,0.7
554,0.28,0.83
555,0.82,0.94
556,1.13,0.93
557,1.12,0.87
558,1.06,0.83
559,0.98,0.88
560,0.92,0.93
561,0.96,0.98
562,0.93,1.02
563,0.67,1.06
564,0.43,1.02
565,0.28,0.98
566,0.26,0.97
567,0.36,0.97
568,0.42,0.97
569,0.47,0.94
570,0.54,1.01
571,0.59,1.12
572,0.57,1.27
573,0.52,1.41
574,0.04,1.47
575,-0.35,1.52
576,-0.36,1.54
577,-0.59,1.43
578,-1.02,1.27
579,-0.74,1.23
580,-0.04,1.24
581,0.22,1.26
582,0.01,1.22
583,-0.06,1.17
584,-0.09,1.17
585,-0.06,1.17
586,0,1.17
587,0.25,1.1
588,0.56,1
589,0.78,0.96
590,0.69,0.99
591,0.54,1.03
592,0.53,1.03
593,0.51,1.03
594,0.45,0.91
595,0.33,0.62
596,0.26,0.4
597,0.36,0.63
598,0.31,0.96
599,0.23,1.3
600,0.15,1.62
601,0.23,1.55
602,0.3,1.48
603,0.38,1.42
604,0.43,1.35
605,0.39,1.3
606,0.32,1.24
607,0.2,1.19
608,0.01,1.09
609,-0.31,0.96
610,-0.74,0.83
611,-1.18,0.7
612,-1.31,0.59
613,-1.28,0.48
614,-1.25,0.38
615,-1.23,0.29
616,-1.33,0.27
617,-1.56,0.27
618,-1.96,0.3
619,-2.21,0.34
620,-1.91,0.41
621,-1.55,0.49
622,-1.03,0.56
623,-0.46,0.63
624,-0.04,0.69
625,0.23,0.73
626,0.51,0.78
627,0.78,0.82
628,0.88,0.87
629,0.91,0.85
630,0.92,0.82
631,0.94,0.8
632,0.95,0.77
633,0.96,0.74
634,0.84,0.73
635,0.7,0.73
636,0.55,0.72
637,0.39,0.72
638,0.28,0.7
639,0.26,0.67
640,0.25,0.64
641,0.24,0.61
642,0.22,0.58
643,0.12,0.54
644,-0.05,0.5
645,-0.18,0.48
646,-0.31,0.46
647,-0.56,0.44
648,-0.71,0.42
649,-0.81,0.4
650,-0.7,0.38
651,-0.5,0.38
652,-0.26,0.49
653,0.24,0.59
654,0.76,0.7
655,1.1,0.73
656,0.93,0.66
657,0.76,0.6
658,0.69,0.53
659,0.85,0.56
660,1.04,0.62
661,1.3,0.66
662,1.57,0.68
663,1.6,0.65
664,1.46,0.63
665,1.29,0.6
666,1.18,0.56
667,1.15,0.55
668,1.12,0.54
669,1.08,0.53
670,1.15,0.62
671,1.25,0.73
672,1.36,0.85
673,1.45,0.94
674,1.46,0.89
675,1.48,0.85
676,1.49,0.8
677,1.49,0.79
678,1.47,0.84
679,1.45,0.89
680,1.43,0.94
681,1.27,0.99
682,1.07,1.04
683,0.87,1.09
684,0.66,1.13
685,0.5,1.07
686,0.32,1.01
687,0.13,0.97
688,-0.08,0.98
689,-0.28,1.07
690,-0.47,1.16
691,-0.4,1.17
692,-0.05,1.11
693,0.34,1.04
694,0.72,0.97
695,0.84,0.95
696,0.91,0.93
697,0.97,0.91
698,0.72,0.89
699,0.48,0.87
700,0.46,0.86
701,0.4,0.85
702,0.31,0.84
703,0.22,0.83
704,0.29,0.83
705,0.45,0.84
706,0.65,0.85
707,0.73,0.79
708,0.71,0.69
709,0.69,0.58
710,0.77,0.56
711,0.93,0.65
712,0.94,0.75
713,0.91,0.86
714,1.01,0.86
715,1.19,0.81
716,1.37,0.76
717,1.54,0.71
718,1.62,0.74
719,1.65,0.81
720,1.68,0.88
721,1.71,0.95
722,1.64,0.9
723,1.38,0.81
724,1.02,0.71
725,0.7,0.61
726,0.65,0.57
727,0.64,0.56
728,0.55,0.55
729,0.44,0.55
730,0.34,0.55
731,0.29,0.58
732,0.23,0.62
733,0.29,0.65
734,0.47,0.68
735,0.67,0.71
736,0.88,0.74
737,1.04,0.75
738,1.15,0.75
739,1.26,0.76
740,1.37,0.76
741,1.48,0.77
742,1.46,0.76
743,1.31,0.75
744,1.32,0.77
745,1.39,0.81
746,1.39,0.84
747,1.39,0.88
748,1.4,0.91
749,1.4,0.95
750,1.38,0.95
751,1.37,0.96
752,1.35,0.96
753,1.34,0.97
754,1.29,1.02
755,1.3,1.07
756,1.37,1.12
757,1.45,1.17
758,1.5,1.23
759,1.38,1.24
760,1.25,1.25
761,1.13,1.26
762,1.07,1.28
763,1.05,1.29
764,1.02,1.31
765,0.98,1.33
766,0.89,1.3
767,0.79,1.27
768,0.7,1.24
769,0.59,1.21
770,0.43,1.15
771,0.45,1.11
772,0.46,1.09
773,0.39,1.11
774,0.01,1.24
775,-0.13,1.31
776,-0.07,1.32
777,-0.05,1.28
778,-0.3,1.11
779,-0.46,1
780,-0.24,1.12
781,-0.17,1.19
782,-0.43,1.09
783,-0.69,0.99
784,-0.65,0.98
785,-0.53,1
786,-0.47,1.01
787,-0.36,1.02
788,-0.34,1.05
789,-0.35,1.07
790,-0.33,1.1
791,-0.07,1.12
792,0.16,1.13
793,0.04,1.13
794,0.25,1.1
795,0.56,1.05
796,0.97,0.95
797,1.18,0.9
798,1.38,0.84
799,1.52,0.88
800,1.6,0.88
801,1.69,0.89
802,1.77,0.9
803,1.94,0.82
804,1.84,0.83
805,1.68,0.86
806,1.41,0.94
807,1.35,1.04
808,1.31,1.13
809,1.3,1.1
810,1.32,1.06
811,1.35,1.02
812,1.45,0.97
813,1.51,0.9
814,1.49,0.88
815,1.45,0.9
816,1.38,0.93
817,1.16,0.96
818,0.95,0.97
819,0.88,0.94
820,0.82,0.91
821,0.71,0.9
822,0.37,0.92
823,0.07,0.96
824,0,1.01
825,-0.03,1.02
826,-0.06,1.03
827,-0.09,1.04
828,-0.09,1.05
829,-0.08,1.04
830,-0.1,1.03
831,-0.17,0.94
832,-0.24,0.84
833,-0.01,0.77
834,0.44,0.75
835,0.83,0.72
836,1.12,0.69
837,1.13,0.72
838,0.92,0.79
839,0.7,0.86
840,0.4,0.88
841,0.05,0.87
842,-0.3,0.86
843,-0.07,0.85
844,0.31,0.85
845,0.59,0.84
846,0.55,0.82
847,0.28,0.77
848,0.01,0.73
849,-0.14,0.68
850,-0.12,0.65
851,-0.08,0.61
852,-0.07,0.57
853,-0.14,0.51
854,-0.21,0.46
855,-0.28,0.4
856,-0.41,0.35
857,-0.49,0.29
858,-0.48,0.22
859,-0.43,0.3
860,-0.58,0.38
861,-0.76,0.46
862,-0.43,0.51
863,0.17,0.61
864,0.72,0.72
865,0.86,0.76
866,0.97,0.76
867,1.28,0.67
868,1.64,0.57
869,1.92,0.5
870,2.13,0.43
871,2.32,0.36
872,2.29,0.39
873,2.25,0.43
874,2.21,0.46
875,2.1,0.47
876,1.84,0.49
877,1.57,0.52
878,1.35,0.55
879,1.34,0.6
880,1.41,0.65
881,1.59,0.7
882,1.62,0.71
883,1.6,0.67
884,1.58,0.62
885,1.61,0.63
886,1.71,0.69
887,1.81,0.76
888,1.91,0.81
889,1.98,0.74
890,2.03,0.7
891,2.08,0.66
892,1.98,0.68
893,1.83,0.71
894,1.71,0.72
895,1.7,0.71
896,1.83,0.7
897,1.95,0.7
898,2.07,0.7
899,1.72,0.66
900,1.37,0.62
901,1.16,0.59
902,1.15,0.56
903,1.07,0.57
904,0.77,0.6
905,0.52,0.63
906,0.64,0.64
907,0.77,0.66
908,1.02,0.65
909,1.23,0.63
910,1.35,0.62
911,1.37,0.6
912,1.37,0.6
913,1.46,0.61
914,1.55,0.63
915,1.46,0.65
916,1.43,0.64
917,1.41,0.67
918,1.41,0.72
919,1.39,0.76
920,1.37,0.79
921,1.41,0.8
922,1.4,1.02
923,1.45,0.91
924,1.37,0.8
925,1.12,0.91
926,1.11,0.9
927,1.09,0.88
928,1.09,1.05
929,0.87,1.03
930,0.55,0.95
931,0.1,1.18
932,0.43,0.99
933,-0.04,0.91
934,0.19,0.93
935,0.63,0.93
936,0.69,0.81
937,0.75,0.82
938,0.56,0.87
939,0.34,0.97
940,0.2,1.09
941,0.34,1.14
942,0.44,1.19
943,0.52,1
944,0.46,1.01
945,0.4,1.02
946,0.52,1.12
947,0.34,1.04
948,0.15,0.96
949,-0.03,0.88
950,-0.03,0.77
951,-0.58,0.42
952,-1.05,0.06
953,-0.14,0.53
954,-0.24,0.38
955,-0.58,0.12
956,-0.7,0.1
957,-0.45,0.33
958,-0.07,0.57
959,0.17,0.8
960,0.38,0.82
961,0.67,0.85
962,0.96,0.88
963,1.04,0.91
964,1.06,0.95
965,1.04,0.98
966,0.99,0.97
967,0.84,0.95
968,0.69,0.94
969,0.54,0.92
970,0.22,0.88
971,-0.22,0.81
972,-0.12,0.75
973,-0.04,0.7
974,-0.14,0.75
975,-0.24,0.79
976,-0.34,0.84
977,-0.37,0.85
978,0.14,0.81
979,0.65,0.76
980,0.95,0.76
981,1.17,0.81
982,1.38,0.86
983,1.15,0.94
984,0.86,1.03
985,0.68,1.1
986,0.6,1.13
987,0.52,1.16
988,0.45,1.19
989,0.36,1.17
990,0.36,1.12
991,0.47,1.06
992,0.6,1.01
993,0.14,0.95
994,-0.32,0.9
995,-0.42,0.91
996,-0.18,0.91
997,0.07,0.91
998,0.31,0.9
999,0.56,0.9
1000,0.7,0.84
1001,0.85,0.77
1002,0.98,0.74
1003,1.09,0.73
1004,0.78,0.77
1005,0.6,0.84
1006,0.73,0.91
1007,0.91,0.98
1008,1.02,1.1
1009,1.08,1.08
1010,1.13,1.05
1011,0.99,1.03
1012,0.59,0.94
1013,0.36,0.9
1014,0.38,0.92
1015,0.4,0.94
1016,0.6,1
1017,0.79,1.06
1018,0.73,1.09
1019,0.63,1.11
1020,0.08,1.07
1021,-0.49,1.03
1022,-0.7,0.99
1023,-0.11,0.96
1024,0.1,0.93
1025,0.19,0.9
1026,0.06,0.86
1027,-0.02,0.83
1028,0.24,0.8
1029,0.5,0.77
1030,0.67,0.74
1031,0.76,0.7
1032,0.78,0.63
1033,0.78,0.59
1034,0.78,0.56
1035,0.77,0.54
1036,0.75,0.52
1037,0.76,0.51
1038,0.73,0.51
1039,0.64,0.54
1040,0.64,0.57
1041,0.64,0.6
1042,0.63,0.64
1043,0.61,0.69
1044,0.59,0.74
1045,0.57,0.79
1046,0.54,0.74
1047,0.8,0.72
1048,1.09,0.7
1049,1.17,0.72
1050,1.07,0.8
1051,1.04,0.85
1052,1.07,0.85
1053,1.1,0.86
1054,0.92,0.83
1055,0.7,0.8
1056,0.55,0.8
1057,0.46,0.84
1058,0.46,0.88
1059,0.51,0.92
1060,0.54,0.96
1061,0.45,1.02
1062,0.36,1.09
1063,0.09,1.15
1064,-0.29,1.22
1065,-0.57,1.26
1066,-0.53,1.25
1067,-0.6,1.22
1068,-0.93,1.11
1069,-1.1,1
1070,-1.27,0.9
1071,-1.43,0.79
1072,-1.24,0.79
1073,-0.96,0.83
1074,-0.66,0.86
1075,-0.13,0.89
1076,0.21,0.88
1077,0.3,0.82
1078,0.4,0.76
1079,0.49,0.7
1080,0.6,0.64
1081,0.76,0.6
1082,0.83,0.6
1083,0.84,0.59
1084,0.71,0.59
1085,0.57,0.56
1086,0.46,0.32
1087,0.34,0.09
1088,-0.22,0.04
1089,-0.7,0.04
1090,-0.25,0.15
1091,0.21,0.26
1092,0.97,0.37
1093,1.59,0.42
1094,1.11,0.6
1095,0.68,0.78
1096,0.73,0.96
1097,0.61,1.09
1098,0.9,1.08
1099,1.42,1.08
1100,1.13,1.1
1101,0.82,1.08
1102,0.54,1.03
1103,0.41,0.97
1104,0.37,0.91
1105,0.46,0.89
1106,0.56,0.85
1107,0.68,0.78
1108,0.68,0.71
1109,0.52,0.65
1110,0.53,0.53
1111,0.3,0.4
1112,-0.17,0.21
1113,-0.34,0.1
1114,-0.22,0.09
1115,-0.11,0.07
1116,0.17,0.19
1117,0.47,0.27
1118,0.85,0.35
1119,1.23,0.42
1120,1.24,0.47
1121,1.13,0.52
1122,0.75,0.57
1123,0.54,0.61
1124,0.61,0.64
1125,0.69,0.67
1126,0.73,0.7
1127,0.48,0.72
1128,0.54,0.75
1129,0.94,0.78
1130,1.07,0.82
1131,1.13,0.86
1132,1.2,0.9
1133,0.96,0.94
1134,0.62,0.99
1135,0.61,1.04
1136,0.73,1.09
1137,0.8,1.13
1138,0.88,1.18
1139,0.94,1.22
1140,0.79,1.12
1141,0.62,1
1142,0.19,0.88
1143,-0.17,1.15
1144,0.24,1.24
1145,0.66,1.33
1146,1.03,1.42
1147,0.67,1.42
1148,0.31,1.43
1149,0.66,1.43
1150,0.73,1.4
1151,0.69,1.36
1152,0.65,1.32
1153,0.61,1.28
1154,0.55,1.22
1155,0.52,1.16
1156,0.56,1.1
1157,0.47,0.96
1158,0.38,0.83
1159,0.3,0.69
1160,0.29,0.41
1161,0.31,0.05
1162,-0.06,-0.3
1163,-0.67,-0.39
1164,-0.56,0.05
1165,-0.45,0.5
1166,-0.02,0.95
1167,0.01,1.08
1168,0.01,1.02
1169,0.02,0.95
1170,0.03,0.93
1171,0.04,0.97
1172,-0.35,1.02
1173,-0.19,1.06
1174,-0.03,1.05
1175,0.13,1.03
1176,0.3,1.02
1177,0.46,0.97
1178,0.21,0.92
1179,0.09,0.86
1180,0.06,0.64
1181,0.04,0.23
1182,0.01,0.19
1183,-0.01,0.49
1184,-0.04,0.17
1185,-0.02,0.16
1186,0.2,0.48
1187,0.43,0.8
1188,0.59,0.86
1189,0.63,0.91
1190,0.67,0.97
1191,0.72,1.02
1192,0.76,1.06
1193,0.81,1.02
1194,0.87,0.99
1195,0.93,0.95
1196,0.99,0.93
1197,1.05,0.96
1198,1.11,0.98
1199,1.17,1.01
1200,1.17,0.98
1201,1.14,0.91
1202,1.11,0.84
1203,1.08,0.77
1204,1.05,0.79
1205,1.02,0.88
1206,0.99,0.97
1207,0.98,1.07
1208,1,1
1209,1.03,0.91
1210,1.05,0.83
1211,1.08,0.77
1212,0.85,1.03
1213,1.01,1.03
1214,1.16,1.03
1215,1.31,1.03
1216,1.46,1.02
1217,1.29,1.08
1218,1.03,1.15
1219,0.65,1.24
1220,0.31,1.29
1221,0.14,1.24
1222,-0.03,1.25
1223,-0.2,1.15
1224,-0.32,1.14
1225,-0.39,1.21
1226,-0.28,1.26
1227,-0.17,1.27
1228,-0.12,1.27
1229,-0.08,1.36
1230,-0.05,1.45
1231,-0.11,1.44
1232,-0.2,1.42
1233,-0.23,1.39
1234,-0.2,1.37
1235,-0.17,1.37
1236,-0.14,1.37
1237,-0.11,1.31
1238,-0.08,1.23
1239,-0.07,1.2
1240,-0.06,1.17
1241,0.01,1.19
1242,0.09,1.22
1243,0.43,1.21
1244,0.77,1.18
1245,1.13,1.13
1246,1.46,1.1
1247,1.59,1
1248,1.65,0.97
1249,1.69,0.93
1250,1.72,0.89
1251,1.76,0.91
1252,1.69,0.93
1253,1.47,0.95
1254,1.11,0.84
1255,0.79,0.92
1256,0.54,1
1257,0.35,1.11
1258,0.34,1.19
1259,0.4,1.39
1260,0.51,1.58
1261,0.55,1.61
1262,0.54,1.51
1263,0.45,1.34
1264,0.36,1.21
1265,0.47,1.25
1266,0.71,1.31
1267,0.98,1.37
1268,1.09,1.37
1269,0.99,1.3
1270,0.88,1.23
1271,0.8,1.14
1272,0.78,1.06
1273,0.8,1.01
1274,0.88,0.94
1275,0.97,0.86
1276,0.76,0.8
1277,0.43,0.85
1278,0.1,0.87
1279,-0.18,1.02
1280,-0.11,0.97
1281,0.1,0.93
1282,0.29,1.05
1283,0.45,1.17
1284,0.6,1.29
1285,0.75,1.41
1286,0.9,1.49
1287,1.04,1.54
1288,1.19,1.59
1289,1.33,1.64
1290,1.47,1.68
1291,1.48,1.69
1292,1.49,1.64
1293,1.45,1.7
1294,1.41,1.79
1295,1.37,1.83
1296,1.35,1.82
1297,1.34,1.81
1298,1.28,1.8
1299,1.18,1.81
1300,1.08,1.82
1301,0.98,1.83
1302,0.85,1.74
1303,0.78,1.54
1304,0.81,1.42
1305,0.83,1.41
1306,0.78,1.41
1307,0.74,1.01
1308,0.69,0.94
1309,0.61,0.96
1310,0.54,1
1311,0.1,0.91
1312,-0.34,0.81
1313,-0.4,0.71
1314,-0.37,0.61
1315,-0.33,0.71
1316,-0.03,0.79
1317,0.3,0.87
1318,0.47,0.99
1319,0.64,1
1320,0.72,1
1321,0.67,1
1322,0.61,1
1323,0.64,1.06
1324,0.67,1.08
1325,0.69,1.1
1326,0.68,1.11
1327,0.63,1.14
1328,0.58,1.18
1329,0.5,1.21
1330,0.35,1.21
1331,0.19,1.16
1332,-0.01,1.11
1333,-0.2,1.06
1334,-0.4,1.01
1335,-0.45,1.04
1336,-0.42,1.11
1337,-0.39,1.18
1338,-0.31,1.25
1339,-0.1,1.37
1340,0.1,1.53
1341,0.27,1.55
1342,0.44,1.56
1343,0.61,1.58
1344,0.78,1.27
1345,0.7,1.19
1346,0.47,1.14
1347,0.05,1.14
1348,-0.37,1.14
1349,-0.8,1.14
1350,-1.18,1.02
1351,-1.47,0.87
1352,-1.58,0.71
1353,-1.69,0.56
1354,-1.8,0.4
1355,-1.91,0.25
1356,-2.03,0.09
1357,-1.69,0.23
1358,-1.24,0.44
1359,-0.79,0.66
1360,-0.49,0.78
1361,-0.45,0.76
1362,-0.4,0.74
1363,-0.35,0.72
1364,-0.31,0.7
1365,-0.27,0.68
1366,-0.23,0.66
1367,-0.2,0.64
1368,-0.2,0.71
1369,-0.21,0.82
1370,-0.22,0.93
1371,-0.23,1.04
1372,-0.24,1.15
1373,-0.19,1.26
1374,-0.12,1.37
1375,-0.03,1.46
1376,0.22,1.36
1377,0.48,1.26
1378,0.74,1.16
1379,0.83,1.06
1380,0.82,0.95
1381,0.81,0.85
1382,0.8,0.75
1383,0.71,0.7
1384,0.51,0.74
1385,0.4,0.78
1386,0.31,0.81
1387,0.21,0.85
1388,0.12,0.89
1389,0.02,0.92
1390,-0.07,0.96
1391,-0.26,0.97
1392,-0.48,0.96
1393,-0.73,0.96
1394,-1,0.95
1395,-1.26,0.95
1396,-1.53,0.94
1397,-1.79,0.93
1398,-2.03,0.94
1399,-2.04,1.01
1400,-2.05,1.07
1401,-1.9,1.14
1402,-1.7,1.21
1403,-1.5,1.28
1404,-1.35,1.2
1405,-1.2,1.1
1406,-1.06,1
1407,-0.91,0.89
1408,-0.78,0.79
1409,-0.66,0.69
1410,-0.46,0.65
1411,-0.14,0.69
1412,0.19,0.73
1413,0.51,0.78
1414,0.84,0.82
1415,1.16,0.86
1416,1.36,0.91
1417,1.11,1.04
1418,0.81,1.18
1419,0.51,1.32
1420,0.21,1.46
1421,-0.09,1.6
1422,-0.39,1.74
1423,-0.61,1.77
1424,-0.81,1.65
1425,-1.05,1.53
1426,-1.29,1.41
1427,-1.54,1.29
1428,-1.78,1.18
1429,-1.99,1.07
1430,-1.98,1.12
1431,-1.97,1.16
1432,-1.7,1.2
1433,-1.32,1.24
1434,-0.95,1.28
1435,-0.59,1.32
1436,-0.59,1.32
1437,-0.61,1.3
1438,-0.64,1.29
1439,-0.67,1.27
1440,-0.69,1.25
1441,-0.72,1.24
1442,-0.75,1.22
1443,-0.81,1.15
1444,-0.88,1.06
1445,-0.95,0.97
1446,-1.02,0.88
1447,-1.09,0.8
1448,-1.16,0.71
1449,-1.08,0.62
1450,-0.91,0.74
1451,-0.76,0.91
1452,-0.6,1.09
1453,-0.42,1.2
1454,-0.21,1.21
1455,-0.01,1.22
1456,0.2,1.24
1457,0.31,1.25
1458,0.32,1.26
1459,0.33,1.27
1460,0.34,1.28
1461,0.35,1.29
1462,0.36,1.3
1463,0.24,1.24
1464,0.11,1.17
1465,-0.06,1.1
1466,-0.37,1.03
1467,-0.67,0.96
1468,-0.97,0.9
1469,-1.27,0.83
1470,-1.58,0.76
1471,-1.81,0.74
1472,-1.7,0.95
1473,-1.59,1.17
1474,-1.18,1.34
1475,-1.07,1.29
1476,-0.96,1.23
1477,-0.84,1.18
1478,-0.73,1.12
1479,-0.62,1.07
1480,-0.51,1.01
1481,-0.4,0.96
1482,-0.49,0.91
1483,-0.53,0.87
1484,-0.57,0.82
1485,-0.61,0.78
1486,-0.66,0.74
1487,-0.7,0.69
1488,-0.74,0.65
1489,-0.78,0.61
1490,-0.62,0.61
1491,-0.44,0.62
1492,-0.25,0.63
1493,-0.07,0.63
1494,0.11,0.64
1495,0.3,0.65
1496,0.46,0.66
1497,0.61,0.68
1498,0.75,0.77
1499,0.89,0.85
1500,1.03,0.94
1501,1.17,1.02
1502,1.24,1.11
1503,1.27,1.19
1504,1.3,1.28
1505,1.29,1.34
1506,1.21,1.36
1507,1.13,1.38
1508,1.05,1.4
1509,0.97,1.42
1510,0.88,1.44
1511,0.78,1.46
1512,0.69,1.49
1513,0.6,1.45
1514,0.5,1.4
1515,0.37,1.35
1516,0.23,1.29
1517,0.1,1.24
1518,0.2,1.19
1519,0.43,1.14
1520,0.35,1.09
1521,0.3,1.12
1522,0.24,1.15
1523,0.18,1.19
1524,0.12,1.22
1525,0.13,1.25
1526,0.42,1.28
1527,0.37,1.31
1528,0.33,1.32
1529,0.29,1.28
1530,0.26,1.25
1531,0.22,1.22
1532,0.19,1.19
1533,0.47,1.15
1534,0.45,1.12
1535,0.42,1.09
1536,0.43,1.08
1537,0.45,1.08
1538,0.47,1.07
1539,0.49,1.07
1540,0.53,1.07
1541,0.54,1.07
1542,0.48,1.06
1543,0.42,1.06
1544,0.27,1.15
1545,0.13,1.23
1546,-0.02,1.31
1547,-0.17,1.4
1548,0.05,1.48
1549,-0.09,1.56
1550,-0.22,1.65
1551,-0.32,1.7
1552,-0.35,1.72
1553,-0.34,1.73
1554,0.03,1.74
1555,0.4,1.76
1556,0.53,1.77
1557,0.62,1.78
1558,0.52,1.8
1559,0.34,1.73
1560,0.1,1.62
1561,-0.13,1.51
1562,-0.37,1.41
1563,-0.59,1.3
1564,-0.8,1.19
1565,-0.78,1.15
1566,-0.49,1.16
1567,-0.21,1.16
1568,0.07,1.17
1569,0.35,1.18
1570,0.64,1.18
1571,0.87,1.19
1572,0.98,1.19
1573,1.08,1.2
1574,1.13,1.19
1575,1.1,1.17
1576,1.06,1.15
1577,1.01,1.12
1578,0.93,1.1
1579,0.85,1.08
1580,0.76,1.06
1581,0.68,1.04
1582,0.6,1.01
1583,0.53,0.99
1584,0.53,0.99
1585,0.57,1.02
1586,0.62,1.05
1587,0.66,1.07
1588,0.71,1.1
1589,0.75,1.13
1590,0.8,1.16
1591,0.82,1.18
1592,0.8,1.21
1593,0.77,1.24
1594,0.66,1.24
1595,0.44,1.21
1596,0.23,1.18
1597,0.01,1.15
1598,-0.2,1.12
1599,-0.43,1.09
1600,-0.67,1.06
1601,-0.92,1.03
1602,-1.17,1
1603,-1.15,1.02
1604,-1.07,1.05
1605,-0.98,1.08
1606,-0.89,1.11
1607,-0.72,1.14
1608,-0.32,1.17
1609,-0.05,1.19
1610,0.19,1.2
1611,0.43,1.22
1612,0.64,1.23
1613,0.65,1.24
1614,0.65,1.26
1615,0.65,1.27
1616,0.66,1.28
1617,0.66,1.31
1618,0.65,1.35
1619,0.59,1.4
1620,0.54,1.44
1621,0.48,1.49
1622,0.43,1.53
1623,0.37,1.58
1624,0.31,1.62
1625,0.26,1.67
1626,0.17,1.63
1627,0.13,1.59
1628,0.09,1.54
1629,0.05,1.5
1630,0.01,1.45
1631,-0.04,1.41
1632,-0.08,1.37
1633,-0.12,1.32
1634,-0.19,1.28
1635,-0.31,1.24
1636,-0.43,1.2
1637,-0.55,1.16
1638,-0.68,1.12
1639,-0.8,1.08
1640,-0.92,1.04
1641,-1.04,1.01
1642,-0.98,1
1643,-0.71,1.02
1644,-0.44,1.03
1645,-0.21,1.1
1646,0,1.2
1647,0.2,1.31
1648,0.39,1.38
1649,0.54,1.32
1650,0.67,1.26
1651,0.75,1.2
1652,0.82,1.15
1653,0.91,1.07
1654,1,0.99
1655,1.09,0.91
1656,1.17,0.83
1657,1.17,0.84
1658,1.07,0.94
1659,0.95,1.04
1660,0.84,1.14
1661,0.76,1.2
1662,0.86,1.08
1663,0.97,0.96
1664,1.07,0.84
1665,1.18,0.72
1666,1.13,0.73
1667,0.98,0.79
1668,0.83,0.84
1669,0.67,0.9
1670,0.53,0.98
1671,0.41,1.11
1672,0.31,1.25
1673,0.22,1.38
1674,0.13,1.51
1675,0.1,1.5
1676,0.06,1.49
1677,0.02,1.48
1678,0,1.47
1679,-0.04,1.44
1680,-0.09,1.38
1681,-0.15,1.33
1682,-0.2,1.28
1683,-0.23,1.26
1684,-0.18,1.34
1685,-0.13,1.42
1686,-0.08,1.49
1687,-0.04,1.57
1688,-0.09,1.49
1689,-0.14,1.4
1690,-0.2,1.3
1691,-0.25,1.2
1692,-0.3,1.12
1693,-0.33,1.04
1694,-0.31,0.96
1695,-0.22,0.88
1696,-0.1,0.81
1697,0.12,0.84
1698,0.34,0.86
1699,0.56,0.88
1700,0.79,0.91
1701,0.97,0.89
1702,1.15,0.87
1703,1.19,0.85
1704,1.2,0.83
1705,1.2,0.81
1706,1.12,0.82
1707,0.99,0.84
1708,0.87,0.86
1709,0.74,0.89
1710,0.62,0.91
1711,0.53,0.97
1712,0.5,1.06
1713,0.47,1.15
1714,0.44,1.24
1715,0.41,1.34
1716,0.39,1.34
1717,0.39,1.21
1718,0.39,1.07
1719,0.39,0.94
1720,0.42,0.88
1721,0.45,0.9
1722,0.48,0.92
1723,0.51,0.93
1724,0.54,0.95
1725,0.56,0.97
1726,0.59,0.99
1727,0.62,1.01
1728,0.57,0.98
1729,0.42,0.9
1730,0.27,0.81
1731,0.13,0.73
1732,-0.02,0.64
1733,-0.17,0.56
1734,-0.31,0.48
1735,-0.44,0.41
1736,-0.37,0.53
1737,-0.3,0.64
1738,-0.24,0.76
1739,-0.17,0.88
1740,-0.1,0.99
1741,-0.03,1.03
1742,0.04,1.01
1743,0.12,0.98
1744,0.19,0.96
1745,0.26,0.94
1746,0.34,0.92
1747,0.41,0.9
1748,0.48,0.88
1749,0.4,0.85
1750,0.29,0.82
1751,0.19,0.8
1752,0.08,0.77
1753,-0.02,0.74
1754,-0.13,0.72
1755,-0.24,0.69
1756,-0.3,0.68
1757,-0.29,0.72
1758,-0.28,0.75
1759,-0.27,0.79
1760,-0.26,0.82
1761,-0.27,0.96
1762,-0.3,1.19
1763,-0.32,1.43
1764,-0.35,1.66
1765,-0.38,1.9
1766,-0.4,1.83
1767,-0.4,1.71
1768,-0.4,1.58
1769,-0.4,1.45
1770,-0.4,1.33
1771,-0.42,1.26
1772,-0.44,1.24
1773,-0.47,1.23
1774,-0.49,1.21
1775,-0.51,1.19
1776,-0.51,1.18
1777,-0.43,1.17
1778,-0.36,1.17
1779,-0.29,1.16
1780,-0.22,1.16
1781,-0.1,1.15
1782,0.12,1.16
1783,0.34,1.17
1784,0.56,1.18
1785,0.78,1.19
1786,1,1.2
1787,1.13,1.16
1788,1.03,1.1
1789,0.85,1.05
1790,0.66,0.99
1791,0.51,0.93
1792,0.46,0.86
1793,0.56,0.76
1794,0.67,0.66
1795,0.78,0.56
1796,0.88,0.47
1797,0.99,0.37
1798,0.93,0.54
1799,0.85,0.71
1800,0.77,0.88
1801,0.69,1.04
1802,0.61,1.21
1803,0.42,1.17
1804,0.19,1.05
1805,-0.05,0.92
1806,-0.29,0.8
1807,-0.53,0.67
1808,-0.62,0.66
1809,-0.61,0.72
1810,-0.6,0.78
1811,-0.46,0.84
1812,-0.29,0.9
1813,-0.11,0.96
1814,0.06,1.02
1815,0.24,1.09
1816,0.11,1.15
1817,0.09,1.21
1818,0.04,1.21
1819,-0.05,1.18
1820,-0.14,1.15
1821,-0.22,1.12
1822,-0.31,1.09
1823,-0.26,1.06
1824,-0.27,1
1825,-0.29,0.95
1826,-0.41,0.9
1827,-0.55,0.85
1828,-0.68,0.8
1829,-0.64,0.78
1830,-0.46,0.79
1831,-0.29,0.8
1832,-0.11,0.81
1833,0.07,0.82
1834,0.31,0.83
1835,0.29,0.88
1836,0.18,0.95
1837,0.08,1.02
1838,-0.02,1.09
1839,-0.09,1.15
1840,-0.12,1.22
1841,-0.17,1.08
1842,-0.26,0.93
1843,-0.35,0.79
1844,-0.44,0.65
1845,-0.53,0.5
1846,-0.62,0.38
1847,-0.71,0.31
1848,-0.8,0.24
1849,-0.89,0.17
1850,-0.97,0.1
1851,-1.07,0.03
1852,-1.17,0.05
1853,-1.23,0.17
1854,-1.29,0.29
1855,-1.35,0.41
1856,-1.41,0.52
1857,-1.33,0.66
1858,-1.03,0.81
1859,-0.75,0.96
1860,-0.39,1.12
1861,-0.02,1.27
1862,0.24,1.39
1863,0.2,1.39
1864,0.15,1.38
1865,0.1,1.38
1866,0.05,1.37
1867,-0.02,1.35
1868,-0.28,1.18
1869,-0.54,1.01
1870,-0.75,0.73
1871,-0.95,0.47
1872,-0.78,0.76
1873,-0.6,1.05
1874,-0.45,1.07
1875,-0.3,1.09
1876,-0.26,1.09
1877,-0.22,1.1
1878,-0.17,1.1
1879,-0.18,1.12
1880,-0.19,1.13
1881,-0.19,1.15
1882,-0.21,1.17
1883,-0.24,1.19
1884,-0.25,1.19
1885,-0.25,1.18
1886,-0.21,1.18
1887,-0.17,1.17
1888,-0.13,1.17
1889,-0.11,1.15
1890,-0.09,1.13
1891,-0.08,1.11
1892,-0.06,1.09
1893,-0.05,1.06
1894,0.05,1.14
1895,0.18,1.24
1896,0.3,1.34
1897,0.38,1.44
1898,0.45,1.53
1899,0.44,1.51
1900,0.41,1.44
1901,0.38,1.36
1902,0.34,1.29
1903,0.31,1.22
1904,0.24,1.22
1905,0.16,1.24
1906,0.12,1.26
1907,0.17,1.28
1908,0.22,1.3
1909,0.28,1.34
1910,0.33,1.39
1911,0.37,1.45
1912,0.42,1.5
1913,0.47,1.55
1914,0.42,1.49
1915,0.11,1.35
1916,-0.25,1.21
1917,-0.55,1.06
1918,-0.7,0.92
1919,-0.72,0.94
1920,-0.63,1.08
1921,-0.88,1.05
1922,-1.04,1
1923,-0.86,1.1
1924,-0.68,1.19
1925,-0.5,1.29
1926,-0.32,1.39
1927,-0.14,1.48
1928,-0.24,1.52
1929,-0.35,1.55
1930,-0.38,1.54
1931,-0.34,1.51
1932,-0.31,1.48
1933,-0.27,1.45
1934,-0.23,1.42
1935,-0.2,1.39
1936,-0.23,1.36
1937,-0.28,1.32
1938,-0.34,1.29
1939,-0.39,1.26
1940,-0.44,1.23
1941,-0.5,1.19
1942,-0.6,0.62
1943,-0.52,0.57
1944,-0.34,0.69
1945,-0.17,0.82
1946,0.06,0.92
1947,0.12,1.01
1948,0.43,1.09
1949,0.74,1.17
1950,1.04,1.25
1951,0.99,1.3
1952,0.74,1.33
1953,0.49,1.36
1954,0.25,1.39
1955,0,1.42
1956,-0.03,1.34
1957,0,1.23
1958,0.03,1.12
1959,0.06,1.01
1960,0.1,0.89
1961,0,0.95
1962,-0.12,1.04
1963,-0.24,1.12
1964,-0.35,1.21
1965,-0.47,1.29
1966,-0.45,1.42
1967,-0.43,1.55
1968,-0.41,1.68
1969,-0.37,1.73
1970,-0.32,1.76
1971,-0.26,1.79
1972,-0.25,1.65
1973,-0.25,1.45
1974,-0.25,1.24
1975,-0.31,1.13
1976,-0.41,1.1
1977,-0.51,1.07
1978,-0.39,1.04
1979,0.05,1.01
1980,0.5,0.97
1981,0.8,0.98
1982,0.71,1.09
1983,0.62,1.2
1984,0.53,1.29
1985,0.44,1.27
1986,0.35,1.26
1987,0.26,1.24
1988,0.05,1.31
1989,-0.16,1.39
1990,-0.37,1.47
1991,-0.35,1.38
1992,-0.27,1.26
1993,-0.19,1.14
1994,-0.02,1.22
1995,0.2,1.4
1996,0.42,1.59
1997,0.4,1.6
1998,0.18,1.46
1999,-0.04,1.33
2000,-0.16,1.29
2001,-0.1,1.39
2002,-0.05,1.49
2003,-0.06,1.58
2004,-0.26,1.65
2005,-0.45,1.71
2006,-0.62,1.75
2007,-0.55,1.62
2008,-0.48,1.5
2009,-0.4,1.38
2010,-0.44,1.21
2011,-0.47,1.05
2012,-0.51,0.88
2013,-0.66,0.98
2014,-0.84,1.14
2015,-1.02,1.3
2016,-0.99,1.29
2017,-0.85,1.19
2018,-0.71,1.1
2019,-0.55,1.13
2020,-0.39,1.3
2021,-0.22,1.46
2022,-0.1,1.56
2023,-0.08,1.56
2024,-0.06,1.56
2025,-0.03,1.54
2026,0.04,1.44
2027,0.1,1.34
2028,0.16,1.26
2029,0.18,1.34
2030,0.19,1.41
2031,0.21,1.49
2032,0.16,1.55
2033,0.1,1.61
2034,0.04,1.67
2035,0.16,1.69
2036,0.32,1.71
2037,0.48,1.73
2038,0.55,1.72
2039,0.56,1.68
2040,0.57,1.64
2041,0.49,1.65
2042,0.33,1.7
2043,0.17,1.75
2044,0.09,1.76
2045,0.13,1.67
2046,0.17,1.57
2047,0.22,1.51
2048,0.25,1.57
2049,0.29,1.63
2050,0.32,1.68
2051,0.25,1.58
2052,0.19,1.48
2053,0.13,1.39
2054,0.17,1.36
2055,0.22,1.33
2056,0.28,1.31
2057,0.24,1.3
2058,0.18,1.3
2059,0.11,1.3
2060,-0.02,1.26
2061,-0.21,1.19
2062,-0.4,1.12
2063,-0.4,1.08
2064,-0.2,1.07
2065,0.01,1.06
2066,0.16,1.11
2067,0.2,1.31
2068,0.23,1.51
2069,0.26,1.63
2070,0.26,1.42
2071,0.27,1.2
2072,0.28,1
2073,0.69,1.21
2074,1.11,1.43
2075,1.52,1.65
2076,1.11,1.49
2077,0.59,1.27
2078,0.07,1.06
2079,0.08,0.99
2080,0.28,0.98
2081,0.48,0.97
2082,0.45,0.91
2083,0.25,0.83
2084,0.06,0.75
2085,-0.07,0.78
2086,-0.1,0.95
2087,-0.14,1.12
2088,-0.25,1.19
2089,-0.55,1.04
2090,-0.84,0.88
2091,-1.14,0.76
2092,-1.43,0.79
2093,-1.71,0.83
2094,-1.84,0.77
2095,-1.88,0.66
2096,-1.51,0.75
2097,-0.58,1.12
2098,0.33,1.48
2099,0.49,1.4
2100,0.66,1.32
2101,0.63,1.21
2102,0.5,1.09
2103,0.36,0.97
2104,0.23,0.86
2105,0.17,0.85
2106,0.14,0.9
2107,0.12,0.95
2108,0.09,1
2109,-0.15,0.95
2110,-0.45,0.88
2111,-0.76,0.8
2112,-1.07,0.73
2113,-1.21,0.58
2114,-1.31,0.41
2115,-0.87,0.57
2116,0.4,1.22
2117,1.38,1.75
2118,1.34,1.78
2119,1.3,1.81
2120,1.21,1.77
2121,1.03,1.58
2122,0.85,1.4
2123,0.67,1.22
2124,0.54,1.22
2125,0.42,1.28
2126,0.29,1.33
2127,0.12,1.36
2128,-0.23,1.33
2129,-0.59,1.3
2130,-0.94,1.26
2131,-1.04,1.15
2132,-1,0.99
2133,-0.95,0.83
2134,-0.92,0.68
2135,-1.09,0.69
2136,-1.26,0.7
2137,-1.42,0.71
2138,-1.38,0.78
2139,-1.14,0.92
2140,-0.91,1.05
2141,-0.7,1.15
2142,-0.57,1.1
2143,-0.44,1.04
2144,-0.31,0.99
2145,-0.03,0.97
2146,0.27,0.96
2147,0.57,0.95
2148,0.92,1
2149,1.31,1.13
2150,1.7,1.26
2151,2.02,1.37
2152,1.92,1.4
2153,1.83,1.43
2154,1.74,1.46
2155,1.74,1.53
2156,1.76,1.6
2157,1.78,1.67
2158,1.65,1.69
2159,1.34,1.66
2160,1.02,1.62
2161,0.72,1.59
2162,0.5,1.57
2163,0.29,1.55
2164,0.07,1.53
2165,-0.05,1.48
2166,-0.15,1.41
2167,-0.25,1.35
2168,-0.3,1.32
2169,-0.28,1.36
2170,-0.27,1.39
2171,-0.26,1.42
2172,-0.46,1.4
2173,-0.66,1.39
2174,-0.86,1.37
2175,-0.98,1.34
2176,-1.06,1.29
2177,-1.15,1.24
2178,-1.2,1.15
2179,-1.19,0.99
2180,-1.19,0.84
2181,-1.19,0.68
2182,-1.76,0.76
2183,-2.31,0.84
2184,-1.11,1.22
2185,0.1,1.59
2186,0.32,1.44
2187,0.49,1.34
2188,0.56,1.32
2189,0.63,1.31
2190,0.7,1.3
2191,0.77,1.29
2192,0.68,1.23
2193,0.6,1.17
2194,0.51,1.11
2195,0.43,1.05
2196,0.39,1.13
2197,0.36,1.26
2198,0.33,1.38
2199,0.29,1.5
2200,0.13,1.45
2201,-0.17,1.23
2202,-0.47,1.02
2203,-0.76,0.8
2204,-1.04,0.63
2205,-1.28,0.57
2206,-1.53,0.52
2207,-1.77,0.46
2208,-2.01,0.41
2209,-1.22,0.72
2210,-0.61,0.99
2211,-0.55,1.11
2212,-0.5,1.24
2213,-0.45,1.26
2214,-0.41,1.09
2215,-0.36,0.91
2216,-0.33,0.86
2217,-0.3,0.97
2218,-0.27,1.08
2219,-0.29,1.14
2220,-0.37,1.15
2221,-0.46,1.16
2222,-0.63,1.15
2223,-0.86,1.13
2224,-1.1,1.12
2225,-1.24,1.02
2226,-1.33,0.88
2227,-1.43,0.74
2228,-1.15,0.75
2229,-0.74,0.79
2230,-0.44,0.82
2231,-0.62,0.73
2232,-0.79,0.65
2233,-0.97,0.57
2234,-0.36,0.55
2235,0.35,0.53
2236,0.73,0.54
2237,0.69,0.58
2238,0.66,0.62
2239,0.62,0.66
2240,0.56,0.73
2241,0.46,0.87
2242,0.36,1.01
2243,0.26,1.14
2244,0.12,1.23
2245,-0.17,1.12
2246,-0.46,1.01
2247,-0.75,0.9
2248,-1.03,0.8
2249,-1.2,0.82
2250,-1.36,0.85
2251,-1.53,0.87
2252,-1.7,0.89
2253,-1.59,1.04
2254,-1.48,1.2
2255,-1.37,1.35
2256,-1.22,1.45
2257,-1.01,1.47
2258,-0.8,1.49
2259,-0.59,1.52
2260,-0.57,1.44
2261,-0.59,1.35
2262,-0.6,1.26
2263,-0.61,1.19
2264,-0.62,1.19
2265,-0.62,1.18
2266,-0.63,1.18
2267,-0.66,1.18
2268,-0.69,1.18
2269,-0.73,1.17
2270,-0.75,1.16
2271,-0.65,1.1
2272,-0.56,1.03
2273,-0.46,0.97
2274,-0.4,0.95
2275,-0.37,0.96
2276,-0.34,0.98
2277,-0.31,0.99
2278,-0.2,1.04
2279,-0.09,1.1
2280,0.02,1.16
2281,0.09,1.15
2282,0.1,1.06
2283,0.11,0.97
2284,0.12,0.88
2285,0.02,0.86
2286,-0.1,0.86
2287,-0.22,0.86
2288,-0.34,0.89
2289,-0.45,1.03
2290,-0.57,1.16
2291,-0.68,1.29
2292,-0.75,1.35
2293,-0.8,1.35
2294,-0.85,1.36
2295,-0.92,1.36
2296,-1.13,1.26
2297,-1.34,1.15
2298,-1.55,1.05
2299,-1.89,0.87
2300,-2.36,0.6
2301,-2.67,0.45
2302,-2.66,0.49
2303,-1.98,0.84
2304,-1.24,1.17
2305,-0.99,1.15
2306,-0.75,1.13
2307,-0.5,1.11
2308,-0.42,1.16
2309,-0.35,1.22
2310,-0.27,1.27
2311,-0.19,1.32
2312,-0.17,1.2
2313,-0.14,1.09
2314,-0.12,0.97
2315,-0.09,0.85
2316,-0.23,0.96
2317,-0.37,1.07
2318,-0.5,1.18
2319,-0.64,1.29
2320,-0.64,1.28
2321,-0.64,1.28
2322,-0.64,1.27
2323,-0.64,1.26
2324,-0.35,1.28
2325,-0.05,1.31
2326,0.24,1.33
2327,0.38,1.31
2328,0.36,1.25
2329,0.35,1.19
2330,0.33,1.13
2331,0.23,1.17
2332,0.13,1.21
2333,0.03,1.25
2334,-0.17,1.27
2335,-0.47,1.26
2336,-0.77,1.25
2337,-1.07,1.24
2338,-1.32,1.17
2339,-1.57,1.1
2340,-1.82,1.03
2341,-1.8,1.02
2342,-1.51,1.09
2343,-1.21,1.16
2344,-0.92,1.23
2345,-0.71,1.31
2346,-0.49,1.38
2347,-0.28,1.46
2348,-0.06,1.53
2349,0.08,1.46
2350,0.21,1.34
2351,0.34,1.23
2352,0.47,1.12
2353,0.38,1.09
2354,0.45,1.05
2355,0.49,1.07
2356,0.43,1.16
2357,0.37,1.26
2358,0.31,1.35
2359,0.3,1.36
2360,0.29,1.38
2361,0.28,1.39
2362,0.27,1.4
2363,0.26,1.42
2364,0.25,1.43
2365,0.09,1.51
2366,-0.07,1.59
2367,-0.23,1.67
2368,-0.39,1.75
2369,-0.55,1.83
2370,-0.65,1.87
2371,-0.73,1.89
2372,-0.8,1.91
2373,-0.87,1.93
2374,-0.94,1.95
2375,-0.98,1.95
2376,-0.91,1.93
2377,-0.83,1.9
2378,-0.76,1.88
2379,-0.68,1.85
2380,-0.61,1.83
2381,-0.61,1.8
2382,-0.64,1.77
2383,-0.67,1.75
2384,-0.7,1.72
2385,-0.72,1.7
2386,-0.75,1.7
2387,-0.77,1.76
2388,-0.78,1.81
2389,-0.8,1.86
2390,-0.82,1.92
2391,-0.84,1.97
2392,-0.84,1.9
2393,-0.84,1.83
2394,-0.83,1.76
2395,-0.83,1.69
2396,-0.83,1.62
2397,-0.8,1.55
2398,-0.75,1.47
2399,-0.7,1.4
2400,-0.66,1.33
2401,-0.61,1.26
2402,-0.57,1.21
2403,-0.54,1.26
2404,-0.52,1.31
2405,-0.5,1.35
2406,-0.48,1.4
2407,-0.45,1.45
2408,-0.48,1.45
2409,-0.51,1.44
2410,-0.55,1.43
2411,-0.58,1.42
2412,-0.62,1.41
2413,-0.65,1.4
2414,-0.67,1.42
2415,-0.69,1.43
2416,-0.72,1.44
2417,-0.74,1.45
2418,-0.76,1.46
2419,-0.64,1.46
2420,-0.52,1.47
2421,-0.41,1.47
2422,-0.29,1.48
2423,-0.19,1.46
2424,-0.14,1.41
2425,-0.09,1.36
2426,-0.04,1.31
2427,0.01,1.26
2428,-0.03,1.26
2429,-0.11,1.28
2430,-0.19,1.3
2431,-0.28,1.33
2432,-0.36,1.35
2433,-0.39,1.26
2434,-0.41,1.18
2435,-0.44,1.09
2436,-0.46,1
2437,-0.49,0.92
2438,-0.52,0.83
2439,-0.45,0.79
2440,-0.26,0.82
2441,-0.08,0.85
2442,0.1,0.88
2443,0.29,0.91
2444,0.19,0.99
2445,0.04,1.09
2446,-0.12,1.19
2447,-0.27,1.28
2448,-0.38,1.37
2449,-0.35,1.41
2450,-0.32,1.44
2451,-0.29,1.48
2452,-0.26,1.52
2453,-0.32,1.52
2454,-0.43,1.5
2455,-0.54,1.48
2456,-0.65,1.47
2457,-0.76,1.45
2458,-0.76,1.43
2459,-0.75,1.4
2460,-0.75,1.38
2461,-0.74,1.36
2462,-0.74,1.34
2463,-0.76,1.34
2464,-0.79,1.35
2465,-0.83,1.37
2466,-0.86,1.38
2467,-0.89,1.39
2468,-0.9,1.35
2469,-0.88,1.21
2470,-0.86,1.07
2471,-0.84,0.93
2472,-0.81,0.79
2473,-0.79,0.65
2474,-0.69,0.8
2475,-0.58,0.96
2476,-0.49,1.08
2477,-0.5,1.02
2478,-0.51,0.95
2479,-0.41,0.85
2480,0.05,0.67
2481,0.51,0.49
2482,0.75,0.41
2483,0.64,0.49
2484,0.53,0.57
2485,0.44,0.55
2486,0.39,0.43
2487,0.34,0.31
2488,0.32,0.38
2489,0.32,0.55
2490,0.32,0.73
2491,0.09,0.92
2492,-0.22,1.13
2493,-0.53,1.33
2494,-0.66,1.27
2495,-0.75,1.16
2496,-0.85,1.05
2497,-0.85,1.1
2498,-0.86,1.15
2499,-0.85,1.19
2500,-0.75,1.17
2501,-0.66,1.15
2502,-0.55,1.11
2503,-0.43,1.01
2504,-0.31,0.92
2505,-0.12,0.88
2506,0.17,0.94
2507,0.46,1
2508,0.6,1.01
2509,0.65,0.99
2510,0.69,0.98
2511,0.62,0.95
2512,0.5,0.92
2513,0.38,0.89
2514,0.24,0.9
2515,0.11,0.92
2516,-0.03,0.94
2517,-0.07,0.86
2518,-0.11,0.79
2519,-0.14,0.71
2520,-0.18,0.64
2521,-0.16,0.59
2522,-0.09,0.58
2523,-0.01,0.57
2524,0.06,0.55
2525,0.14,0.54
2526,0.18,0.6
2527,0.22,0.65
2528,0.25,0.71
2529,0.29,0.76
2530,0.21,0.83
2531,0,0.92
2532,-0.21,1.01
2533,-0.42,1.09
2534,-0.63,1.18
2535,-0.65,1.25
2536,-0.67,1.32
2537,-0.68,1.39
2538,-0.7,1.46
2539,-0.74,1.42
2540,-0.81,1.29
2541,-0.87,1.16
2542,-0.94,1.03
2543,-1,0.9
2544,-1.25,1.15
2545,-1.5,1.4
2546,-1.53,1.4
2547,-1.4,1.2
2548,-1.24,1.02
2549,-0.88,0.94
2550,-0.52,0.86
2551,-0.45,0.87
2552,-0.52,0.93
2553,-0.58,0.93
2554,-0.65,0.77
2555,-0.72,0.6
2556,-0.66,0.71
2557,-0.56,0.89
2558,-0.47,1.02
2559,-0.37,1
2560,-0.28,0.99
2561,-0.47,1.04
2562,-0.7,1.09
2563,-0.84,1.13
2564,-0.87,1.17
2565,-0.89,1.2
2566,-0.81,1.25
2567,-0.72,1.3
2568,-0.64,1.35
2569,-0.66,1.28
2570,-0.74,1.14
2571,-0.82,1
2572,-0.79,0.93
2573,-0.55,1.02
2574,-0.31,1.11
2575,-0.07,1.2
2576,-0.18,1.19
2577,-0.31,1.17
2578,-0.44,1.16
2579,-0.57,1.17
2580,-0.7,1.21
2581,-0.83,1.24
2582,-0.98,1.23
2583,-1.17,1.08
2584,-1.36,0.93
2585,-1.56,0.78
2586,-1.7,0.62
2587,-1.84,0.46
2588,-1.98,0.29
2589,-2.11,0.15
2590,-1.89,0.3
2591,-1.43,0.62
2592,-0.41,1.32
2593,-0.16,1.47
2594,-0.19,1.42
2595,-0.23,1.37
2596,-0.26,1.33
2597,-0.27,1.22
2598,-0.27,1.11
2599,-0.28,0.99
2600,-0.29,0.88
2601,-0.19,0.81
2602,-0.03,0.75
2603,0.14,0.7
2604,0.28,0.64
2605,0.4,0.59
2606,0.46,0.57
2607,0.23,0.76
2608,-0.37,1.22
2609,-0.83,1.54
2610,-0.88,1.52
2611,-0.92,1.49
2612,-0.97,1.46
2613,-1.01,1.44
2614,-1.02,1.41
2615,-0.98,1.39
2616,-0.94,1.37
2617,-0.9,1.35
2618,-0.86,1.33
2619,-0.82,1.31
2620,-0.77,1.29
2621,-0.73,1.27
2622,-0.69,1.26
2623,-0.66,1.23
2624,-0.68,1.21
2625,-0.69,1.19
2626,-0.7,1.16
2627,-0.72,1.14
2628,-0.75,1.11
2629,-0.92,1.03
2630,-1.09,0.95
2631,-1.27,0.87
2632,-1.44,0.79
2633,-1,0.8
2634,-0.56,0.81
2635,-0.13,0.82
2636,0.31,0.84
2637,0.4,0.86
2638,0.25,0.88
2639,0.09,0.91
2640,-0.06,0.94
2641,-0.17,0.94
2642,-0.25,0.92
2643,-0.33,0.9
2644,-0.41,0.88
2645,-0.49,0.86
2646,-0.57,0.84
2647,-0.65,0.82
2648,-0.74,0.79
2649,-0.88,0.74
2650,-1.01,0.68
2651,-1.15,0.63
2652,-1.28,0.57
2653,-1.41,0.52
2654,-1.55,0.46
2655,-1.57,0.6
2656,-1.51,0.86
2657,-1.45,1.13
2658,-1.39,1.39
2659,-1.25,1.42
2660,-1.1,1.45
2661,-0.96,1.48
2662,-0.84,1.48
2663,-0.74,1.43
2664,-0.65,1.39
2665,-0.56,1.34
2666,-0.46,1.3
2667,-0.46,1.25
2668,-0.56,1.22
2669,-0.66,1.18
2670,-0.76,1.14
2671,-0.86,1.11
2672,-0.96,1.11
2673,-1.05,1.11
2674,-1.14,1.12
2675,-1.23,1.12
2676,-1.33,1.13
2677,-1.44,0.82
2678,-1.56,0.51
2679,-1.68,0.19
2680,-1.38,0.19
2681,-1.07,0.2
2682,-0.77,0.2
2683,-0.46,0.21
2684,-0.16,0.21
2685,0.14,0.22
2686,0.45,0.22
2687,0.36,0.35
2688,0.24,0.48
2689,0.13,0.61
2690,0.1,0.64
2691,0.08,0.67
2692,0.05,0.7
2693,0.02,0.74
2694,-0.02,0.77
2695,-0.07,0.81
2696,-0.11,0.85
2697,-0.16,0.89
2698,-0.2,0.93
2699,-0.25,0.97
2700,-0.41,0.92
2701,-0.61,0.83
2702,-0.82,0.75
2703,-1.02,0.66
2704,-0.95,0.73
2705,-0.87,0.81
2706,-0.78,0.88
2707,-0.5,1
2708,-0.23,1.12
2709,0.04,1.24
2710,0.31,1.36
2711,0.41,1.32
2712,0.48,1.24
2713,0.54,1.16
2714,0.61,1.09
2715,0.68,1.05
2716,0.74,1.05
2717,0.55,1.19
2718,0.36,1.33
2719,0.22,1.44
2720,0.25,1.37
2721,0.29,1.3
2722,0.32,1.24
2723,0.36,1.17
2724,0.12,1.08
2725,-0.15,0.99
2726,-0.43,0.9
2727,-0.7,0.81
2728,-0.72,0.87
2729,-0.55,1.05
2730,-0.37,1.23
2731,-0.2,1.41
2732,-0.07,1.56
2733,-0.06,1.64
2734,-0.04,1.71
2735,-0.03,1.79
2736,-0.02,1.87
2737,-0.15,1.8
2738,-0.28,1.74
2739,-0.42,1.67
2740,-0.55,1.6
2741,-0.46,1.56
2742,-0.23,1.55
2743,0,1.54
2744,0.23,1.53
2745,0.32,1.43
2746,0.1,1.15
2747,-0.12,0.88
2748,-0.35,0.6
2749,-0.57,0.32
2750,-0.4,0.54
2751,-0.23,0.76
2752,-0.05,0.98
2753,0.12,1.21
2754,0.29,1.43
2755,0.26,1.4
2756,0.22,1.37
2757,0.18,1.33
2758,0.14,1.29
2759,0.1,1.25
2760,0.07,1.26
2761,0.04,1.28
2762,0,1.3
2763,-0.03,1.31
2764,-0.06,1.33
2765,-0.04,1.33
2766,-0.01,1.32
2767,0.02,1.32
2768,0.06,1.31
2769,0.09,1.31
2770,0.02,1.37
2771,-0.08,1.44
2772,-0.19,1.51
2773,-0.29,1.59
2774,-0.4,1.66
2775,-0.38,1.66
2776,-0.3,1.63
2777,-0.22,1.59
2778,-0.14,1.56
2779,-0.07,1.53
2780,-0.06,1.51
2781,-0.09,1.5
2782,-0.12,1.48
2783,-0.15,1.47
2784,-0.18,1.46
2785,-0.22,1.42
2786,-0.26,1.38
2787,-0.31,1.33
2788,-0.35,1.29
2789,-0.4,1.24
2790,-0.4,1.21
2791,-0.37,1.18
2792,-0.33,1.16
2793,-0.3,1.13
2794,-0.26,1.11
2795,-0.19,1.09
2796,-0.05,1.09
2797,0.08,1.09
2798,0.21,1.08
2799,0.35,1.08
2800,0.45,1.07
2801,0.47,1.04
2802,0.48,1
2803,0.49,0.96
2804,0.51,0.93
2805,0.52,0.89
2806,0.52,0.95
2807,0.53,1.02
2808,0.53,1.08
2809,0.54,1.15
2810,0.54,1.21
2811,0.5,1.26
2812,0.45,1.3
2813,0.4,1.35
2814,0.36,1.4
2815,0.31,1.44
2816,0.22,1.45
2817,0.1,1.44
2818,-0.01,1.43
2819,-0.12,1.43
2820,-0.24,1.42
2821,-0.32,1.38
2822,-0.38,1.3
2823,-0.44,1.22
2824,-0.49,1.14
2825,-0.55,1.06
2826,-0.6,1.01
2827,-0.66,1.03
2828,-0.72,1.06
2829,-0.78,1.09
2830,-0.84,1.12
2831,-0.9,1.15
2832,-0.74,1.18
2833,-0.54,1.23
2834,-0.34,1.27
2835,-0.13,1.31
2836,0.07,1.35
2837,0.22,1.38
2838,0.2,1.38
2839,0.18,1.38
2840,0.16,1.37
2841,0.14,1.37
2842,0.13,1.37
2843,0.12,1.36
2844,0.12,1.35
2845,0.12,1.34
2846,0.12,1.33
2847,0.12,1.32
2848,0.12,1.31
2849,0.13,1.34
2850,0.15,1.37
2851,0.16,1.4
2852,0.17,1.43
2853,0.18,1.46
2854,0.18,1.5
2855,0.16,1.55
2856,0.14,1.6
2857,0.12,1.64
2858,0.1,1.69
2859,0.08,1.74
2860,0.04,1.74
2861,0,1.74
2862,-0.04,1.75
2863,-0.08,1.75
2864,-0.12,1.75
2865,-0.17,1.72
2866,-0.23,1.61
2867,-0.28,1.51
2868,-0.34,1.4
2869,-0.4,1.3
2870,-0.45,1.19
2871,-0.51,1.09
2872,-0.48,1.08
2873,-0.45,1.07
2874,-0.42,1.06
2875,-0.39,1.06
2876,-0.36,1.05
2877,-0.33,1.04
2878,-0.3,1.03
2879,-0.27,1.02
2880,-0.24,1.01
2881,-0.21,1
2882,-0.17,1.03
2883,-0.14,1.1
2884,-0.1,1.16
2885,-0.06,1.23
2886,-0.03,1.3
2887,0.01,1.36
2888,0.05,1.43
2889,0.08,1.5
2890,0.12,1.57
2891,0.16,1.63
2892,0.14,1.58
2893,0.12,1.51
2894,0.07,1.44
2895,-0.05,1.36
2896,-0.17,1.27
2897,-0.29,1.19
2898,-0.41,1.11
2899,-0.53,1.02
2900,-0.65,0.94
2901,-0.6,1
2902,-0.56,1.05
2903,-0.51,1.11
2904,-0.47,1.17
2905,-0.42,1.23
2906,-0.38,1.28
2907,-0.33,1.34
2908,-0.29,1.4
2909,-0.24,1.46
2910,-0.17,1.4
2911,-0.09,1.35
2912,-0.01,1.29
2913,0.07,1.23
2914,0.14,1.17
2915,0.09,1.14
2916,-0.09,1.13
2917,-0.22,1.08
2918,-0.3,0.99
2919,-0.39,0.9
2920,-0.47,0.8
2921,-0.56,0.71
2922,-0.37,0.76
2923,-0.19,0.82
2924,0,0.87
2925,0.18,0.93
2926,0.37,0.98
2927,0.47,1.02
2928,0.43,1.01
2929,0.38,1
2930,0.33,0.99
2931,0.29,0.98
2932,0.24,0.96
2933,0.19,0.95
2934,0.14,0.94
2935,0.1,0.93
2936,-0.01,1.11
2937,-0.14,1.37
2938,-0.14,1.21
2939,-0.14,1.06
2940,-0.15,0.91
2941,-0.15,0.76
2942,-0.15,0.61
2943,-0.15,0.46
2944,-0.15,0.56
2945,-0.15,0.66
2946,-0.15,0.77
2947,-0.15,0.87
2948,-0.15,0.98
2949,-0.15,1.1
2950,-0.16,1.22
2951,-0.16,1.34
2952,-0.19,1.37
2953,-0.24,1.34
2954,-0.28,1.31
2955,-0.33,1.29
2956,-0.38,1.26
2957,-0.36,1.22
2958,-0.32,1.18
2959,-0.33,1.13
2960,-0.47,1.02
2961,-0.61,0.91
2962,-0.75,0.81
2963,-0.89,0.7
2964,-0.85,0.63
2965,-0.65,0.59
2966,-0.45,0.56
2967,-0.45,0.66
2968,-0.45,0.76
2969,-0.46,0.86
2970,-0.46,0.96
2971,-0.46,1.06
2972,-0.44,1.1
2973,-0.4,1.09
2974,-0.36,1.08
2975,-0.32,1.07
2976,-0.28,1.05
2977,-0.24,1.04
2978,-0.2,1.03
2979,-0.16,1.02
2980,-0.12,1
2981,-0.08,0.99
2982,-0.21,1.09
2983,-0.35,1.2
2984,-0.57,1.13
2985,-0.78,1.07
2986,-1,1
2987,-1.22,0.93
2988,-1.39,0.87
2989,-1.38,0.84
2990,-1.38,0.81
2991,-1.15,0.88
2992,-0.92,0.95
2993,-0.7,1.01
2994,-0.47,1.08
2995,-0.24,1.15
2996,-0.01,1.22
2997,0.16,1.26
2998,0.11,1.24
2999,0.06,1.21
3000,0.01,1.18
3001,-0.04,1.15
3002,-0.08,1.12
3003,-0.13,1.1
3004,-0.18,1.07
3005,-0.23,1.04
3006,-0.28,1.01
3007,-0.29,0.98
3008,-0.14,0.96
3009,-0.14,0.93
3010,-0.37,0.9
3011,-0.61,0.87
3012,-0.84,0.84
3013,-1.07,0.81
3014,-1.3,0.78
3015,-1.04,0.88
3016,-0.77,0.98
3017,-0.51,1.07
3018,-0.25,1.17
3019,0.02,1.27
3020,0.21,1.32
3021,0.11,1.14
3022,0.01,0.96
3023,-0.09,0.78
3024,-0.19,0.6
3025,-0.27,0.49
3026,-0.29,0.56
3027,-0.31,0.64
3028,-0.34,0.71
3029,-0.36,0.79
3030,-0.38,0.86
3031,-0.41,0.93
3032,-0.31,0.94
3033,-0.21,0.95
3034,-0.11,0.95
3035,-0.29,0.91
3036,-0.57,0.87
3037,-0.84,0.82
3038,-1.12,0.77
3039,-0.93,0.79
3040,-0.62,0.83
3041,-0.3,0.87
3042,0.01,0.91
3043,0,0.92
3044,-0.02,0.92
3045,-0.03,0.93
3046,-0.04,0.94
3047,-0.05,0.94
3048,-0.07,0.95
3049,-0.12,0.9
3050,-0.19,0.83
3051,-0.25,0.77
3052,-0.32,0.7
3053,-0.39,0.63
3054,-0.46,0.56
3055,-0.81,0.47
3056,-1.19,0.37
3057,-1.57,0.28
3058,-1.95,0.18
3059,-1.62,0.39
3060,-1.29,0.59
3061,-0.96,0.8
3062,-0.64,1
3063,-0.43,1.12
3064,-0.37,1.12
3065,-0.32,1.13
3066,-0.27,1.13
3067,-0.21,1.13
3068,-0.16,1.14
3069,-0.11,1.14
3070,-0.18,1.12
3071,-0.3,1.1
3072,-0.43,1.07
3073,-0.56,1.05
3074,-0.68,1.02
3075,-0.81,0.99
3076,-0.95,0.93
3077,-1.12,0.83
3078,-1.29,0.73
3079,-1.45,0.62
3080,-1.62,0.52
3081,-1.52,0.68
3082,-1.43,0.85
3083,-1.33,1.01
3084,-1.23,1.17
3085,-1.13,1.34
3086,-1.04,1.5
3087,-0.86,1.41
3088,-0.67,1.31
3089,-0.49,1.21
3090,-0.3,1.1
3091,-0.12,1
3092,0.07,0.89
3093,0.25,0.79
3094,0.42,0.69
3095,0.27,0.8
3096,0.12,0.91
3097,-0.03,1.01
3098,-0.18,1.12
3099,-0.33,1.22
3100,-0.48,1.33
3101,-0.62,1.28
3102,-0.74,1.14
3103,-0.86,0.99
3104,-0.99,0.85
3105,-1.11,0.7
3106,-1,0.79
3107,-0.9,0.87
3108,-0.79,0.96
3109,-0.69,1.04
3110,-0.58,1.13
3111,-0.49,1.14
3112,-0.4,1.09
3113,-0.31,1.05
3114,-0.22,1.01
3115,-0.14,0.97
3116,-0.05,0.93
3117,0.04,0.89
3118,0.05,0.85
3119,0.03,0.81
3120,0.01,0.77
3121,-0.01,0.73
3122,-0.03,0.69
3123,-0.05,0.65
3124,-0.07,0.61
3125,-0.23,0.64
3126,-0.41,0.67
3127,-0.59,0.7
3128,-0.77,0.74
3129,-0.95,0.77
3130,-0.93,0.79
3131,-0.92,0.81
3132,-0.9,0.83
3133,-0.88,0.85
3134,-0.86,0.88
3135,-0.8,0.89
3136,-0.71,0.91
3137,-0.63,0.92
3138,-0.55,0.94
3139,-0.46,0.95
3140,-0.38,0.97
3141,-0.32,0.97
3142,-0.37,0.91
3143,-0.43,0.85
3144,-0.49,0.79
3145,-0.54,0.73
3146,-0.6,0.67
3147,-0.67,0.62
3148,-0.87,0.68
3149,-1.08,0.74
3150,-1.28,0.8
3151,-1.49,0.86
3152,-1.23,0.96
3153,-0.97,1.05
3154,-0.71,1.15
3155,-0.45,1.24
3156,-0.25,1.31
3157,-0.22,1.29
3158,-0.19,1.27
3159,-0.16,1.25
3160,-0.13,1.24
3161,-0.09,1.22
3162,-0.06,1.2
3163,-0.12,1.16
3164,-0.19,1.11
3165,-0.26,1.07
3166,-0.33,1.02
3167,-0.4,0.98
3168,-0.47,0.93
3169,-0.49,0.9
3170,-0.51,0.88
3171,-0.54,0.85
3172,-0.56,0.82
3173,-0.49,0.89
3174,-0.42,0.96
3175,-0.35,1.03
3176,-0.28,1.09
3177,-0.21,1.12
3178,-0.13,1.16
3179,-0.06,1.19
3180,0.01,1.23
3181,0.08,1.26
3182,0.04,1.26
3183,-0.09,1.22
3184,-0.22,1.18
3185,-0.35,1.15
3186,-0.48,1.11
3187,-0.61,1.07
3188,-0.73,1.03
3189,-0.68,1.17
3190,-0.63,1.31
3191,-0.57,1.46
3192,-0.51,1.6
3193,-0.45,1.75
3194,-0.37,1.69
3195,-0.3,1.64
3196,-0.22,1.58
3197,-0.15,1.52
3198,-0.07,1.47
3199,0,1.41
3200,0.06,1.37
3201,0.05,1.38
3202,0.05,1.39
3203,0.04,1.41
3204,0.03,1.42
3205,0.03,1.43
3206,0.02,1.44
3207,0.01,1.44
3208,-0.01,1.43
3209,-0.03,1.42
3210,-0.04,1.42
3211,-0.06,1.41
3212,-0.07,1.41
3213,-0.09,1.4
3214,-0.1,1.4
3215,-0.12,1.39
3216,-0.13,1.39
3217,-0.15,1.38
3218,-0.16,1.38
3219,-0.15,1.37
3220,-0.14,1.37
3221,-0.13,1.37
3222,-0.12,1.36
3223,-0.12,1.36
3224,-0.11,1.36
3225,-0.1,1.35
3226,-0.09,1.35
3227,-0.08,1.34
3228,-0.07,1.34
3229,-0.07,1.34
3230,-0.06,1.33
3231,-0.05,1.33
3232,-0.09,1.34
3233,-0.13,1.35
3234,-0.16,1.36
3235,-0.2,1.37
3236,-0.24,1.38
3237,-0.28,1.38
3238,-0.31,1.39
3239,-0.35,1.4
3240,-0.38,1.4
3241,-0.39,1.37
3242,-0.4,1.33
3243,-0.41,1.3
3244,-0.42,1.26
3245,-0.43,1.23
3246,-0.44,1.19
3247,-0.38,1.27
3248,-0.33,1.35
3249,-0.27,1.44
3250,-0.23,1.49
3251,-0.25,1.43
3252,-0.26,1.38
3253,-0.27,1.32
3254,-0.28,1.27
3255,-0.3,1.22
3256,-0.31,1.16
3257,-0.32,1.15
3258,-0.33,1.15
3259,-0.34,1.14
3260,-0.35,1.14
3261,-0.36,1.14
3262,-0.37,1.14
3263,-0.39,1.14
3264,-0.4,1.14
3265,-0.41,1.13
3266,-0.42,1.13
3267,-0.43,1.13
3268,-0.35,1.17
3269,-0.27,1.2
3270,-0.18,1.24
3271,-0.1,1.28
3272,-0.02,1.32
3273,0.06,1.35
3274,0.15,1.39
3275,0.21,1.41
3276,0.23,1.38
3277,0.24,1.35
3278,0.25,1.32
3279,0.26,1.29
3280,0.28,1.25
3281,0.29,1.22
3282,0.3,1.19
3283,0.32,1.16
3284,0.33,1.13
3285,0.34,1.09
3286,0.34,1.07
3287,0.29,1.09
3288,0.24,1.1
3289,0.2,1.12
3290,0.15,1.13
3291,0.11,1.15
3292,0,1.14
3293,-0.12,1.11
3294,-0.25,1.09
3295,-0.38,1.07
3296,-0.51,1.05
3297,-0.64,1.03
3298,-0.76,1.01
3299,-0.8,1.06
3300,-0.83,1.11
3301,-0.87,1.16
3302,-0.9,1.21
3303,-0.88,1.14
3304,-0.84,1.04
3305,-0.8,0.94
3306,-0.64,0.96
3307,-0.47,1
3308,-0.29,1.04
3309,-0.11,1.08
3310,0.07,1.13
3311,0.24,1.17
3312,0.2,1.19
3313,-0.05,1.19
3314,-0.31,1.19
3315,-0.56,1.18
3316,-0.82,1.18
3317,-1.08,1.18
3318,-1.33,1.18
3319,-1.16,1.2
3320,-0.96,1.22
3321,-0.75,1.25
3322,-0.55,1.27
3323,-0.48,1.26
3324,-0.4,1.26
3325,-0.33,1.25
3326,-0.25,1.24
3327,-0.2,1.24
3328,-0.18,1.24
3329,-0.15,1.24
3330,-0.12,1.25
3331,-0.1,1.25
3332,-0.07,1.25
3333,-0.11,1.26
3334,-0.19,1.28
3335,-0.27,1.29
3336,-0.34,1.31
3337,-0.42,1.33
3338,-0.5,1.34
3339,-0.57,1.4
3340,-0.63,1.5
3341,-0.69,1.61
3342,-0.75,1.71
3343,-0.81,1.82
3344,-0.57,1.63
3345,-0.33,1.45
3346,-0.1,1.26
3347,0.14,1.08
3348,0.25,0.98
3349,0.22,0.98
3350,0.18,0.98
3351,0.14,0.97
3352,0.11,0.97
3353,0.07,0.97
3354,-0.02,0.93
3355,-0.16,0.86
3356,-0.3,0.79
3357,-0.44,0.71
3358,-0.58,0.64
3359,-0.72,0.56
3360,-0.79,0.59
3361,-0.81,0.71
3362,-0.82,0.82
3363,-0.84,0.94
3364,-0.86,1.05
3365,-0.74,1.07
3366,-0.61,1.08
3367,-0.49,1.1
3368,-0.36,1.12
3369,-0.24,1.13
3370,-0.12,1.15
3371,0.01,1.16
3372,0.13,1.18
3373,0.2,1.18
3374,0.2,1.17
3375,0.2,1.16
3376,0.2,1.15
3377,0.2,1.13
3378,0.2,1.12
3379,0.19,1.11
3380,0.19,1.1
3381,0.19,1.08
3382,0.19,1.07
3383,0.19,1.06
3384,0.15,1.05
3385,0.04,1.04
3386,-0.06,1.04
3387,-0.17,1.03
3388,-0.27,1.03
3389,-0.38,1.02
3390,-0.48,1.01
3391,-0.58,1.01
3392,-0.66,1.04
3393,-0.75,1.07
3394,-0.83,1.1
3395,-0.91,1.13
3396,-0.99,1.16
3397,-0.9,1.06
3398,-0.81,0.97
3399,-0.72,0.87
3400,-0.64,0.78
3401,-0.63,0.71
3402,-0.64,0.66
3403,-0.65,0.6
3404,-0.66,0.55
3405,-0.67,0.49
3406,-0.7,0.47
3407,-0.75,0.51
3408,-0.81,0.54
3409,-0.86,0.58
3410,-0.91,0.61
3411,-0.96,0.65
3412,-1,0.67
3413,-1.03,0.7
3414,-1.06,0.73
3415,-1.09,0.75
3416,-1.12,0.78
3417,-0.96,0.8
3418,-0.8,0.83
3419,-0.64,0.85
3420,-0.48,0.88
3421,-0.32,0.9
3422,-0.25,0.92
3423,-0.23,0.94
3424,-0.21,0.96
3425,-0.19,0.98
3426,-0.16,1
3427,-0.14,1.01
3428,-0.13,1.03
3429,-0.17,1.01
3430,-0.22,0.99
3431,-0.26,0.98
3432,-0.31,0.96
3433,-0.35,0.94
3434,-0.43,0.92
3435,-0.51,0.9
3436,-0.59,0.88
3437,-0.67,0.86
3438,-0.58,0.95
3439,-0.5,1.04
3440,-0.41,1.12
3441,-0.33,1.21
3442,-0.24,1.3
3443,-0.16,1.33
3444,-0.08,1.29
3445,-0.01,1.24
3446,0.07,1.19
3447,0.15,1.15
3448,0.22,1.1
3449,0.23,1.06
3450,0.05,1.01
3451,-0.13,0.96
3452,-0.32,0.91
3453,-0.5,0.86
3454,-0.62,0.84
3455,-0.64,0.88
3456,-0.67,0.91
3457,-0.69,0.95
3458,-0.72,0.98
3459,-0.47,0.99
3460,-0.23,0.99
3461,0.02,1
3462,0.26,1
3463,0.5,1.01
3464,0.44,1.04
3465,0.39,1.07
3466,0.34,1.09
3467,0.29,1.12
3468,0.23,1.15
3469,0.18,1.17
3470,0.11,1.2
3471,0.01,1.21
3472,-0.09,1.23
3473,-0.18,1.25
3474,-0.28,1.27
3475,-0.38,1.28
3476,-0.46,1.3
3477,-0.48,1.31
3478,-0.49,1.33
3479,-0.51,1.34
3480,-0.51,1.35
3481,-0.44,1.34
3482,-0.38,1.34
3483,-0.31,1.33
3484,-0.25,1.33
3485,-0.18,1.32
3486,-0.15,1.3
3487,-0.19,1.23
3488,-0.23,1.16
3489,-0.27,1.09
3490,-0.3,1.02
3491,-0.34,0.95
3492,-0.38,0.88
3493,-0.42,0.81
3494,-0.46,0.74
3495,-0.45,0.77
3496,-0.44,0.82
3497,-0.44,0.86
3498,-0.43,0.91
3499,-0.42,0.95
3500,-0.41,1
3501,-0.4,1.04
3502,-0.39,1.09
3503,-0.38,1.14
3504,-0.4,1.16
3505,-0.44,1.17
3506,-0.49,1.17
3507,-0.53,1.18
3508,-0.58,1.18
3509,-0.62,1.19
3510,-0.67,1.19
3511,-0.71,1.2
3512,-0.48,1.26
3513,-0.25,1.32
3514,-0.03,1.37
3515,0.2,1.43
3516,0.19,1.39
3517,0.14,1.33
3518,0.09,1.28
3519,0.04,1.22
3520,-0.01,1.16
3521,-0.06,1.11
3522,-0.13,1.1
3523,-0.21,1.09
3524,-0.28,1.08
3525,-0.36,1.07
3526,-0.43,1.06
3527,-0.54,1.04
3528,-0.71,0.99
3529,-0.88,0.95
3530,-1.05,0.91
3531,-1.22,0.87
3532,-0.99,0.95
3533,-0.76,1.03
3534,-0.53,1.11
3535,-0.3,1.18
3536,-0.07,1.26
3537,0.1,1.31
3538,0.1,1.28
3539,0.1,1.25
3540,0.1,1.21
3541,0.1,1.18
3542,0.1,1.15
3543,0.1,1.12
3544,0.05,1.16
3545,-0.03,1.24
3546,-0.1,1.31
3547,-0.17,1.38
3548,-0.24,1.45
3549,-0.33,1.43
3550,-0.43,1.38
3551,-0.53,1.32
3552,-0.63,1.27
3553,-0.45,1.27
3554,-0.27,1.27
3555,-0.09,1.26
3556,0.09,1.26
3557,0.03,1.3
3558,-0.23,1.37
3559,-0.49,1.44
3560,-0.74,1.51
3561,-1,1.58
3562,-1.25,1.65
3563,-1.17,1.62
3564,-0.92,1.55
3565,-0.66,1.48
3566,-0.41,1.41
3567,-0.15,1.34
3568,-0.2,1.29
3569,-0.45,1.27
3570,-0.71,1.24
3571,-0.96,1.21
3572,-0.75,1.25
3573,-0.54,1.28
3574,-0.34,1.32
3575,-0.13,1.37
3576,0.06,1.47
3577,0.26,1.57
3578,0.46,1.67
3579,0.65,1.77
3580,0.72,1.81
3581,0.56,1.73
3582,0.39,1.65
3583,0.22,1.58
3584,0.06,1.5
3585,-0.11,1.42
3586,-0.21,1.41
3587,-0.27,1.43
3588,-0.33,1.46
3589,-0.39,1.48
3590,-0.45,1.51
3591,-0.43,1.54
3592,-0.41,1.57
3593,-0.39,1.6
3594,-0.34,1.6
3595,-0.22,1.55
3596,-0.11,1.5
3597,0,1.45
3598,0.12,1.41
3599,0.18,1.36
3600,0.13,1.31
3601,0.07,1.26
3602,0.01,1.21
3603,-0.05,1.17
3604,-0.14,1.15
3605,-0.37,1.22
3606,-0.59,1.29
3607,-0.82,1.36
3608,-1.05,1.43
3609,-0.8,1.36
3610,-0.55,1.29
3611,-0.3,1.22
3612,-0.05,1.15
3613,0.2,1.08
3614,0.29,1.03
3615,0.08,1.05
3616,-0.12,1.06
3617,-0.33,1.07
3618,-0.54,1.08
3619,-0.74,1.09
3620,-0.81,1.09
3621,-0.72,1.07
3622,-0.64,1.04
3623,-0.55,1.02
3624,-0.47,1
3625,-0.32,0.98
3626,-0.18,0.96
3627,-0.03,0.93
3628,0.12,0.91
3629,0.07,1.01
3630,0.03,1.1
3631,-0.02,1.2
3632,-0.07,1.29
3633,-0.07,1.35
3634,-0.05,1.4
3635,-0.03,1.45
3636,-0.01,1.49
3637,0.01,1.54
3638,0.03,1.58
3639,0.01,1.46
3640,0,1.31
3641,-0.02,1.16
3642,-0.04,1.01
3643,-0.06,0.87
3644,-0.06,1.09
3645,-0.06,1.32
3646,-0.48,1.35
3647,-1.02,1.32
3648,-0.82,1.44
3649,-0.62,1.55
3650,-0.41,1.67
3651,-0.21,1.78
3652,-0.17,1.78
3653,-0.13,1.78
3654,-0.08,1.79
3655,-0.04,1.79
3656,0.01,1.78
3657,0.1,1.72
3658,0.19,1.67
3659,0.27,1.61
3660,0.36,1.56
3661,0.27,1.53
3662,0.19,1.5
3663,0.1,1.47
3664,0.18,1.4
3665,0.26,1.33
3666,0.35,1.26
3667,0.43,1.19
3668,0.51,1.12
3669,0.59,1.05
3670,0.67,0.98
3671,0.6,0.99
3672,0.54,1
3673,0.47,1.01
3674,0.41,1.02
3675,0.34,1.05
3676,0.27,1.1
3677,0.19,1.14
3678,0.12,1.19
3679,0.04,1.24
3680,-0.03,1.29
3681,-0.13,1.21
3682,-0.22,1.12
3683,-0.32,1.04
3684,-0.22,1.24
3685,-0.12,1.44
3686,-0.02,1.64
3687,0.07,1.74
3688,0.13,1.66
3689,0.19,1.58
3690,0.25,1.5
3691,0.32,1.41
3692,0.25,1.36
3693,0.11,1.32
3694,-0.03,1.28
3695,-0.18,1.24
3696,-0.32,1.21
3697,-0.47,1.17
3698,-0.61,1.13
3699,-0.76,1.09
3700,-0.9,1.06
3701,-1.05,1.02
3702,-1.19,0.98
3703,-1.08,1.04
3704,-0.97,1.1
3705,-0.86,1.16
3706,-0.76,1.22
3707,-0.65,1.28
3708,-0.54,1.35
3709,-0.47,1.32
3710,-0.4,1.3
3711,-0.33,1.27
3712,-0.26,1.24
3713,-0.19,1.22
3714,-0.12,1.19
3715,-0.05,1.16
3716,-0.03,1.14
3717,-0.01,1.12
3718,0.01,1.1
3719,0.03,1.08
3720,0.04,1.07
3721,-0.11,1.17
3722,-0.25,1.26
3723,-0.4,1.36
3724,-0.54,1.46
3725,-0.45,1.46
3726,-0.36,1.46
3727,-0.26,1.47
3728,-0.17,1.47
3729,-0.08,1.47
3730,0,1.38
3731,0.08,1.26
3732,0.16,1.15
3733,0.24,1.04
3734,0.32,0.92
3735,0.33,0.88
3736,0.28,0.92
3737,0.22,0.96
3738,0.16,1
3739,0.11,1.04
3740,-0.02,1.05
3741,-0.23,1.04
3742,-0.43,1.03
3743,-0.64,1.01
3744,-0.84,1
3745,-0.63,1
3746,-0.41,1.01
3747,-0.2,1.01
3748,0.02,1.01
3749,0.23,1.02
3750,0.38,1.05
3751,0.17,1.21
3752,-0.04,1.37
3753,-0.24,1.53
3754,-0.45,1.69
3755,-0.65,1.85
3756,-0.86,2.01
3757,-0.8,1.97
3758,-0.7,1.9
3759,-0.6,1.83
3760,-0.49,1.77
3761,-0.39,1.7
3762,-0.29,1.63
3763,-0.18,1.56
3764,-0.08,1.49
3765,0.02,1.42
3766,-0.37,1.13
3767,-0.53,1.15
3768,-0.68,1.17
3769,-0.84,1.19
3770,-1,1.21
3771,-1.15,1.23
3772,-1.31,1.25
3773,-1.13,1.33
3774,-0.95,1.41
3775,-0.78,1.48
3776,-0.6,1.56
3777,-0.42,1.64
3778,-0.42,1.6
3779,-0.42,1.56
3780,-0.42,1.52
3781,-0.42,1.48
3782,-0.42,1.44
3783,-0.42,1.39
3784,-0.42,1.35
3785,-0.42,1.31
3786,-0.5,1.29
3787,-0.67,1.3
3788,-0.84,1.31
3789,-1.02,1.32
3790,-1.19,1.32
3791,-1.36,1.33
3792,-1.54,1.34
3793,-1.5,1.3
3794,-1.34,1.25
3795,-1.19,1.19
3796,-1.03,1.13
3797,-0.91,1.25
3798,-0.79,1.37
3799,-0.66,1.5
3800,-0.54,1.62
3801,-0.46,1.6
3802,-0.39,1.54
3803,-0.32,1.47
3804,-0.25,1.41
3805,-0.18,1.34
3806,-0.11,1.28
3807,-0.06,1.23
3808,-0.24,1.37
3809,-0.41,1.52
3810,-0.59,1.66
3811,-0.77,1.8
3812,-0.95,1.95
3813,-1.12,2.08
3814,-1.25,1.78
3815,-1.37,1.47
3816,-1.5,1.17
3817,-1.62,0.86
3818,-1.28,0.96
3819,-0.94,1.06
3820,-0.6,1.16
3821,-0.25,1.26
3822,-0.05,1.3
3823,-0.05,1.23
3824,-0.05,1.17
3825,-0.05,1.11
3826,-0.05,1.05
3827,-0.05,0.99
3828,-0.05,0.92
3829,-0.15,0.91
3830,-0.31,0.92
3831,-0.48,0.94
3832,-0.64,0.95
3833,-0.81,0.97
3834,-0.97,0.98
3835,-1.06,0.97
3836,-0.94,0.91
3837,-0.83,0.85
3838,-0.71,0.79
3839,-0.6,0.73
3840,-0.63,0.76
3841,-0.66,0.78
3842,-0.7,0.81
3843,-0.73,0.84
3844,-0.76,0.87
3845,-0.68,1.04
3846,-0.61,1.21
3847,-0.53,1.38
3848,-0.46,1.55
3849,-0.43,1.59
3850,-0.45,1.44
3851,-0.48,1.3
3852,-0.5,1.16
3853,-0.53,1.04
3854,-0.57,1
3855,-0.61,0.96
3856,-0.66,0.92
3857,-0.7,0.89
3858,-0.74,0.85
3859,-0.78,0.81
3860,-0.74,0.87
3861,-0.71,0.93
3862,-0.67,0.99
3863,-0.64,1.05
3864,-0.6,1.11
3865,-0.56,1.17
3866,-0.53,1.23
3867,-0.49,1.27
3868,-0.44,1.28
3869,-0.4,1.3
3870,-0.36,1.32
3871,-0.31,1.33
3872,-0.27,1.35
3873,-0.22,1.36
3874,-0.18,1.38
3875,-0.15,1.39
3876,-0.16,1.39
3877,-0.16,1.39
3878,-0.17,1.39
3879,-0.17,1.39
3880,-0.18,1.39
3881,-0.18,1.39
3882,-0.19,1.39
3883,-0.22,1.37
3884,-0.36,1.3
3885,-0.5,1.22
3886,-0.64,1.14
3887,-0.78,1.06
3888,-0.92,0.99
3889,-1.06,0.91
3890,-0.94,1
3891,-0.82,1.08
3892,-0.7,1.17
3893,-0.58,1.26
3894,-0.46,1.34
3895,-0.34,1.43
3896,-0.32,1.46
3897,-0.32,1.48
3898,-0.33,1.5
3899,-0.34,1.52
3900,-0.34,1.49
3901,-0.36,1.4
3902,-0.37,1.3
3903,-0.38,1.2
3904,-0.39,1.11
3905,-0.5,1.06
3906,-0.68,1.07
3907,-0.86,1.07
3908,-1.04,1.07
3909,-1.22,1.08
3910,-1.4,1.08
3911,-1.22,1.11
3912,-1.03,1.15
3913,-0.85,1.18
3914,-0.66,1.22
3915,-0.48,1.25
3916,-0.29,1.29
3917,-0.28,1.3
3918,-0.26,1.31
3919,-0.25,1.32
3920,-0.23,1.33
3921,-0.22,1.34
3922,-0.21,1.35
3923,-0.28,1.32
3924,-0.46,1.26
3925,-0.63,1.2
3926,-0.8,1.15
3927,-0.97,1.09
3928,-1.11,1.05
3929,-1.22,1.02
3930,-1.33,0.99
3931,-1.44,0.97
3932,-1.55,0.94
3933,-1.35,1.04
3934,-1.16,1.14
3935,-0.96,1.23
3936,-0.77,1.33
3937,-0.57,1.43
3938,-0.45,1.4
3939,-0.34,1.34
3940,-0.23,1.28
3941,-0.12,1.21
3942,-0.02,1.15
3943,0.09,1.09
3944,0.09,1.06
3945,-0.11,1.09
3946,-0.3,1.12
3947,-0.5,1.15
3948,-0.69,1.18
3949,-0.89,1.21
3950,-1.02,1.23
3951,-1.11,1.26
3952,-1.21,1.28
3953,-1.31,1.3
3954,-1.09,1.33
3955,-0.88,1.36
3956,-0.66,1.39
3957,-0.44,1.43
3958,-0.46,1.44
3959,-0.5,1.46
3960,-0.54,1.48
3961,-0.59,1.49
3962,-0.63,1.51
3963,-0.67,1.53
3964,-0.67,1.48
3965,-0.65,1.43
3966,-0.63,1.37
3967,-0.62,1.31
3968,-0.6,1.25
3969,-0.61,1.21
3970,-0.67,1.19
3971,-0.74,1.18
3972,-0.8,1.16
3973,-0.87,1.15
3974,-0.8,1.18
3975,-0.73,1.21
3976,-0.66,1.24
3977,-0.59,1.27
3978,-0.53,1.3
3979,-0.46,1.34
3980,-0.39,1.37
3981,-0.32,1.4
3982,-0.25,1.43
3983,-0.18,1.46
3984,-0.19,1.47
3985,-0.21,1.49
3986,-0.22,1.5
3987,-0.24,1.51
3988,-0.25,1.53
3989,-0.26,1.54
3990,-0.28,1.55
3991,-0.29,1.57
3992,-0.31,1.58
3993,-0.32,1.59
3994,-0.34,1.61
3995,-0.35,1.62
3996,-0.37,1.6
3997,-0.4,1.58
3998,-0.42,1.56
3999,-0.44,1.54
4000,-0.47,1.53
4001,-0.49,1.51
4002,-0.52,1.49
4003,-0.67,1.48
4004,-0.82,1.46
4005,-0.96,1.45
4006,-1.11,1.43
4007,-1.26,1.42
4008,-1.14,1.47
4009,-1.02,1.52
4010,-0.89,1.57
4011,-0.77,1.63
4012,-0.65,1.67
4013,-0.49,1.66
4014,-0.34,1.65
4015,-0.18,1.63
4016,-0.03,1.62
4017,-0.06,1.53
4018,-0.12,1.42
4019,-0.19,1.31
4020,-0.25,1.21
4021,-0.45,1.18
4022,-0.67,1.18
4023,-0.9,1.17
4024,-1.13,1.17
4025,-1.36,1.17
4026,-1.44,1.18
4027,-1.37,1.19
4028,-1.31,1.21
4029,-1.24,1.22
4030,-1.18,1.24
4031,-1.1,1.25
4032,-0.89,1.25
4033,-0.68,1.25
4034,-0.47,1.25
4035,-0.26,1.26
4036,-0.05,1.26
4037,0.16,1.26
4038,0.17,1.28
4039,0.09,1.32
4040,0.01,1.36
4041,-0.06,1.39
4042,-0.14,1.43
4043,-0.21,1.46
4044,-0.35,1.46
4045,-0.51,1.44
4046,-0.66,1.42
4047,-0.82,1.4
4048,-0.97,1.38
4049,-0.81,1.44
4050,-0.64,1.49
4051,-0.48,1.55
4052,-0.32,1.61
4053,-0.22,1.65
4054,-0.27,1.65
4055,-0.32,1.65
4056,-0.38,1.65
4057,-0.43,1.65
4058,-0.48,1.65
4059,-0.47,1.64
4060,-0.45,1.63
4061,-0.44,1.62
4062,-0.43,1.61
4063,-0.41,1.6
4064,-0.4,1.57
4065,-0.37,1.53
4066,-0.34,1.74
4067,-0.32,1.93
4068,-0.29,1.88
4069,-0.26,1.83
4070,-0.23,1.77
4071,-0.21,1.72
4072,-0.18,1.66
4073,-0.15,1.61
4074,-0.13,1.55
4075,-0.12,1.48
4076,-0.11,1.42
4077,-0.1,1.35
4078,-0.09,1.28
4079,-0.08,1.22
4080,-0.07,1.15
4081,-0.43,1.13
4082,-1.1,1.15
4083,-1.6,1.2
4084,-1.34,1.42
4085,-1.08,1.63
4086,-0.99,1.66
4087,-0.94,1.65
4088,-0.89,1.64
4089,-0.84,1.63
4090,-0.78,1.62
4091,-0.73,1.6
4092,-0.68,1.59
4093,-0.71,1.58
4094,-0.77,1.58
4095,-0.82,1.57
4096,-0.88,1.56
4097,-0.94,1.55
4098,-0.99,1.54
4099,-0.94,1.53
4100,-0.79,1.5
4101,-0.63,1.47
4102,-0.48,1.45
4103,-0.32,1.42
4104,-0.44,1.47
4105,-0.57,1.52
4106,-0.69,1.58
4107,-0.82,1.63
4108,-0.84,1.63
4109,-0.72,1.56
4110,-0.59,1.49
4111,-0.47,1.42
4112,-0.35,1.35
4113,-0.23,1.28
4114,-0.28,1.25
4115,-0.38,1.22
4116,-0.48,1.2
4117,-0.58,1.17
4118,-0.68,1.15
4119,-0.79,1.12
4120,-0.91,1.08
4121,-1.03,1.05
4122,-1.15,1.02
4123,-1.27,0.99
4124,-1.08,1.02
4125,-0.9,1.05
4126,-0.71,1.08
4127,-0.53,1.11
4128,-0.34,1.13
4129,-0.26,1.15
4130,-0.31,1.16
4131,-0.36,1.16
4132,-0.4,1.17
4133,-0.45,1.18
4134,-0.48,1.17
4135,-0.42,1.12
4136,-0.36,1.08
4137,-0.31,1.03
4138,-0.25,0.98
4139,-0.21,0.95
4140,-0.28,1
4141,-0.35,1.05
4142,-0.42,1.11
4143,-0.49,1.16
4144,-0.56,1.21
4145,-0.5,1.23
4146,-0.45,1.25
4147,-0.39,1.26
4148,-0.34,1.28
4149,-0.28,1.3
4150,-0.23,1.32
4151,-0.22,1.34
4152,-0.24,1.36
4153,-0.26,1.38
4154,-0.28,1.41
4155,-0.29,1.43
4156,-0.31,1.46
4157,-0.33,1.48
4158,-0.35,1.5
4159,-0.36,1.52
4160,-0.36,1.51
4161,-0.35,1.51
4162,-0.35,1.5
4163,-0.35,1.5
4164,-0.35,1.5
4165,-0.35,1.49
4166,-0.34,1.49
4167,-0.34,1.48
4168,-0.41,1.43
4169,-0.5,1.37
4170,-0.59,1.31
4171,-0.67,1.24
4172,-0.76,1.18
4173,-0.85,1.12
4174,-0.8,1.17
4175,-0.75,1.22
4176,-0.7,1.26
4177,-0.65,1.31
4178,-0.59,1.36
4179,-0.54,1.41
4180,-0.51,1.37
4181,-0.48,1.29
4182,-0.45,1.22
4183,-0.41,1.15
4184,-0.38,1.07
4185,-0.35,1
4186,-0.36,0.98
4187,-0.41,1
4188,-0.45,1.02
4189,-0.49,1.04
4190,-0.53,1.06
4191,-0.57,1.08
4192,-0.56,1.02
4193,-0.55,0.97
4194,-0.54,0.92
4195,-0.53,0.87
4196,-0.52,0.82
4197,-0.53,0.87
4198,-0.53,0.92
4199,-0.54,0.97
4200,-0.54,1.02
4201,-0.55,1.06
4202,-0.48,1.16
4203,-0.38,1.27
4204,-0.29,1.38
4205,-0.19,1.49
4206,-0.09,1.6
4207,0.01,1.71
4208,-0.09,1.59
4209,-0.29,1.35
4210,-0.5,1.1
4211,-0.7,0.86
4212,-0.9,0.61
4213,-1.07,0.62
4214,-1.22,0.72
4215,-1.37,0.83
4216,-1.53,0.94
4217,-1.68,1.05
4218,-1.48,1.08
4219,-1.28,1.1
4220,-1.08,1.13
4221,-0.88,1.15
4222,-0.68,1.18
4223,-0.53,1.13
4224,-0.42,1.01
4225,-0.3,0.9
4226,-0.19,0.78
4227,-0.08,0.67
4228,-0.1,0.79
4229,-0.14,0.92
4230,-0.17,1.06
4231,-0.21,1.2
4232,-0.24,1.34
4233,-0.42,1.29
4234,-0.59,1.23
4235,-0.77,1.18
4236,-0.95,1.12
4237,-1.12,1.07
4238,-1.3,1.01
4239,-1.21,1.02
4240,-1.11,1.04
4241,-1.02,1.05
4242,-0.93,1.06
4243,-0.83,1.07
4244,-0.74,1.09
4245,-0.65,1.1
4246,-0.55,1.04
4247,-0.45,0.98
4248,-0.35,0.92
4249,-0.25,0.87
4250,-0.15,0.81
4251,-0.12,0.79
4252,-0.24,0.86
4253,-0.35,0.93
4254,-0.47,0.99
4255,-0.58,1.06
4256,-0.68,1.1
4257,-0.75,1.08
4258,-0.82,1.07
4259,-0.89,1.06
4260,-0.97,1.05
4261,-1.04,1.03
4262,-1.11,1.02
4263,-1.01,1.12
4264,-0.91,1.23
4265,-0.8,1.33
4266,-0.7,1.43
4267,-0.6,1.54
4268,-0.5,1.64
4269,-0.4,1.74
4270,-0.33,1.76
4271,-0.3,1.69
4272,-0.27,1.63
4273,-0.24,1.57
4274,-0.21,1.5
4275,-0.18,1.44
4276,-0.15,1.38
4277,-0.13,1.32
4278,-0.14,1.28
4279,-0.15,1.24
4280,-0.16,1.2
4281,-0.17,1.16
4282,-0.18,1.12
4283,-0.25,1.08
4284,-0.44,1.03
4285,-0.63,0.98
4286,-0.83,0.93
4287,-1.02,0.89
4288,-1.21,0.84
4289,-1.11,0.92
4290,-1.02,1
4291,-0.92,1.08
4292,-0.82,1.16
4293,-0.72,1.24
4294,-0.7,1.23
4295,-0.7,1.19
4296,-0.7,1.15
4297,-0.69,1.1
4298,-0.69,1.06
4299,-0.69,1.02
4300,-0.69,0.98
4301,-0.64,1.05
4302,-0.59,1.12
4303,-0.54,1.19
4304,-0.5,1.26
4305,-0.45,1.33
4306,-0.44,1.36
4307,-0.6,1.21
4308,-0.75,1.06
4309,-0.91,0.92
4310,-1.06,0.77
4311,-0.93,0.83
4312,-0.8,0.89
4313,-0.66,0.95
4314,-0.53,1
4315,-0.4,1.06
4316,-0.27,1.12
4317,-0.23,1.07
4318,-0.2,1.02
4319,-0.16,0.97
4320,-0.13,0.92
4321,-0.09,0.87
4322,-0.05,0.81
4323,-0.05,0.85
4324,-0.12,1.05
4325,-0.19,1.25
4326,-0.26,1.45
4327,-0.33,1.65
4328,-0.39,1.82
4329,-0.38,1.85
4330,-0.37,1.89
4331,-0.36,1.92
4332,-0.35,1.96
4333,-0.31,1.97
4334,-0.27,1.98
4335,-0.23,1.98
4336,-0.19,1.99
4337,-0.15,2
4338,-0.15,1.98
4339,-0.15,1.96
4340,-0.15,1.94
4341,-0.15,1.91
4342,-0.17,1.86
4343,-0.2,1.79
4344,-0.24,1.72
4345,-0.27,1.65
4346,-0.3,1.59
4347,-0.4,1.6
4348,-0.52,1.63
4349,-0.64,1.65
4350,-0.76,1.67
4351,-0.87,1.7
4352,-0.99,1.72
4353,-0.8,1.67
4354,-0.62,1.63
4355,-0.43,1.58
4356,-0.25,1.54
4357,-0.06,1.49
4358,-0.06,1.36
4359,-0.06,1.23
4360,-0.06,1.11
4361,-0.07,0.98
4362,-0.07,0.85
4363,-0.07,0.72
4364,-0.08,0.83
4365,-0.09,0.94
4366,-0.1,1.05
4367,-0.11,1.15
4368,-0.12,1.26
4369,-0.13,1.37
4370,-0.12,1.45
4371,-0.08,1.49
4372,-0.03,1.53
4373,0.01,1.56
4374,0.06,1.6
4375,0,1.65
4376,-0.06,1.7
4377,-0.12,1.74
4378,-0.18,1.79
4379,-0.21,1.8
4380,-0.24,1.8
4381,-0.27,1.79
4382,-0.29,1.79
4383,-0.32,1.79
4384,-0.35,1.79
4385,-0.37,1.78
4386,-0.4,1.78
4387,-0.4,1.75
4388,-0.4,1.73
4389,-0.4,1.7
4390,-0.4,1.67
4391,-0.4,1.64
4392,-0.4,1.61
4393,-0.4,1.59
4394,-0.4,1.56
4395,-0.4,1.53
4396,-0.38,1.52
4397,-0.34,1.52
4398,-0.3,1.51
4399,-0.27,1.51
4400,-0.23,1.51
4401,-0.19,1.51
4402,-0.16,1.5
4403,-0.12,1.5
4404,-0.07,1.46
4405,-0.02,1.42
4406,0.04,1.39
4407,0.09,1.35
4408,0.14,1.31
4409,0.13,1.29
4410,0.05,1.28
4411,-0.03,1.27
4412,-0.11,1.26
4413,-0.19,1.26
4414,-0.27,1.25
4415,-0.35,1.24
4416,-0.43,1.23
4417,-0.47,1.24
4418,-0.45,1.25
4419,-0.43,1.26
4420,-0.4,1.28
4421,-0.38,1.29
4422,-0.36,1.31
4423,-0.34,1.32
4424,-0.32,1.36
4425,-0.32,1.45
4426,-0.32,1.53
4427,-0.32,1.62
4428,-0.3,1.68
4429,-0.26,1.72
4430,-0.22,1.75
4431,-0.18,1.79
4432,-0.14,1.82
4433,-0.1,1.86
4434,-0.1,1.88
4435,-0.13,1.9
4436,-0.13,1.87
4437,-0.08,1.81
4438,-0.04,1.75
4439,0.01,1.69
4440,-0.01,1.62
4441,-0.03,1.55
4442,-0.04,1.48
4443,-0.11,1.51
4444,-0.21,1.6
4445,-0.3,1.68
4446,-0.36,1.71
4447,-0.36,1.64
4448,-0.36,1.58
4449,-0.36,1.52
4450,-0.36,1.45
4451,-0.36,1.39
4452,-0.36,1.33
4453,-0.36,1.29
4454,-0.36,1.28
4455,-0.36,1.28
4456,-0.36,1.28
4457,-0.35,1.27
4458,-0.35,1.27
4459,-0.35,1.26
4460,-0.36,1.31
4461,-0.39,1.39
4462,-0.41,1.47
4463,-0.44,1.55
4464,-0.42,1.53
4465,-0.41,1.52
4466,-0.39,1.5
4467,-0.37,1.48
4468,-0.32,1.48
4469,-0.19,1.5
4470,-0.07,1.53
4471,0.05,1.55
4472,0.18,1.58
4473,0.26,1.6
4474,0.12,1.6
4475,-0.02,1.6
4476,-0.16,1.61
4477,-0.3,1.61
4478,-0.43,1.53
4479,-0.56,1.41
4480,-0.69,1.29
4481,-0.82,1.17
4482,-0.95,1.05
4483,-0.85,1.11
4484,-0.75,1.17
4485,-0.65,1.23
4486,-0.55,1.29
4487,-0.52,1.31
4488,-0.51,1.31
4489,-0.5,1.31
4490,-0.5,1.3
4491,-0.49,1.3
4492,-0.48,1.3
4493,-0.47,1.31
4494,-0.45,1.33
4495,-0.43,1.35
4496,-0.41,1.37
4497,-0.39,1.39
4498,-0.37,1.41
4499,-0.38,1.42
4500,-0.53,1.36
4501,-0.68,1.29
4502,-0.84,1.23
4503,-0.99,1.17
4504,-0.94,1.19
4505,-0.85,1.22
4506,-0.77,1.26
4507,-0.69,1.29
4508,-0.6,1.32
4509,-0.53,1.35
4510,-0.47,1.34
4511,-0.42,1.34
4512,-0.37,1.33
4513,-0.32,1.33
4514,-0.26,1.32
4515,-0.21,1.31
4516,-0.15,1.31
4517,-0.09,1.31
4518,-0.02,1.31
4519,0.05,1.31
4520,0.11,1.3
4521,0.18,1.3
4522,0.24,1.3
4523,0.24,1.28
4524,0.22,1.24
4525,0.19,1.21
4526,0.17,1.18
4527,0.14,1.15
4528,0.1,1.2
4529,0.05,1.24
4530,0.01,1.29
4531,-0.04,1.33
4532,-0.08,1.38
4533,-0.11,1.41
4534,-0.09,1.4
4535,-0.08,1.39
4536,-0.07,1.38
4537,-0.06,1.38
4538,-0.05,1.37
4539,-0.03,1.36
4540,-0.02,1.35
4541,-0.08,1.34
4542,-0.15,1.32
4543,-0.21,1.3
4544,-0.28,1.29
4545,-0.35,1.27
4546,-0.42,1.25
4547,-0.53,1.28
4548,-0.66,1.31
4549,-0.79,1.34
4550,-0.92,1.37
4551,-1.05,1.4
4552,-1.18,1.43
4553,-1.05,1.38
4554,-0.91,1.33
4555,-0.78,1.28
4556,-0.64,1.24
4557,-0.51,1.19
4558,-0.37,1.14
4559,-0.24,1.09
4560,-0.2,1.1
4561,-0.15,1.11
4562,-0.11,1.12
4563,-0.07,1.13
4564,-0.03,1.15
4565,0.02,1.16
4566,0.01,1.17
4567,-0.02,1.19
4568,-0.06,1.21
4569,-0.09,1.23
4570,-0.12,1.25
4571,-0.22,1.26
4572,-0.43,1.27
4573,-0.65,1.27
4574,-0.86,1.28
4575,-1.07,1.28
4576,-0.93,1.34
4577,-0.79,1.41
4578,-0.64,1.47
4579,-0.5,1.54
4580,-0.36,1.6
4581,-0.29,1.54
4582,-0.23,1.45
4583,-0.16,1.37
4584,-0.1,1.29
4585,-0.03,1.21
4586,-0.14,1.28
4587,-0.29,1.37
4588,-0.43,1.47
4589,-0.58,1.56
4590,-0.73,1.66
4591,-0.82,1.65
4592,-0.9,1.62
4593,-0.98,1.58
4594,-1.06,1.55
4595,-1.13,1.51
4596,-1.21,1.48
4597,-1.29,1.44
4598,-1.13,1.37
4599,-0.96,1.31
4600,-0.8,1.24
4601,-0.63,1.18
4602,-0.47,1.11
4603,-0.3,1.04
4604,-0.19,1.01
4605,-0.2,1.03
4606,-0.2,1.05
4607,-0.21,1.06
4608,-0.22,1.08
4609,-0.22,1.1
4610,-0.23,1.12
4611,-0.22,1.14
4612,-0.21,1.16
4613,-0.19,1.18
4614,-0.18,1.2
4615,-0.16,1.22
4616,-0.17,1.24
4617,-0.26,1.24
4618,-0.36,1.24
4619,-0.45,1.24
4620,-0.55,1.24
4621,-0.51,1.24
4622,-0.46,1.24
4623,-0.42,1.24
4624,-0.38,1.24
4625,-0.34,1.24
4626,-0.29,1.24
4627,-0.32,1.23
4628,-0.36,1.22
4629,-0.4,1.2
4630,-0.44,1.19
4631,-0.47,1.18
4632,-0.51,1.16
4633,-0.45,1.1
4634,-0.36,1.02
4635,-0.27,0.94
4636,-0.17,0.86
4637,-0.08,0.78
4638,-0.11,0.81
4639,-0.24,0.94
4640,-0.38,1.07
4641,-0.51,1.21
4642,-0.65,1.34
4643,-0.78,1.47
4644,-0.69,1.44
4645,-0.6,1.4
4646,-0.51,1.37
4647,-0.42,1.34
4648,-0.33,1.3
4649,-0.25,1.27
4650,-0.16,1.23
4651,-0.1,1.23
4652,-0.14,1.32
4653,-0.18,1.41
4654,-0.22,1.49
4655,-0.26,1.58
4656,-0.3,1.67
4657,-0.34,1.75
4658,-0.37,1.82
4659,-0.32,1.72
4660,-0.27,1.62
4661,-0.22,1.53
4662,-0.17,1.43
4663,-0.18,1.35
4664,-0.45,1.34
4665,-0.73,1.33
4666,-1,1.33
4667,-1.28,1.32
4668,-1.07,1.37
4669,-0.86,1.42
4670,-0.65,1.48
4671,-0.44,1.53
4672,-0.24,1.58
4673,-0.12,1.59
4674,-0.11,1.55
4675,-0.09,1.51
4676,-0.08,1.46
4677,-0.07,1.42
4678,-0.06,1.38
4679,-0.11,1.34
4680,-0.18,1.3
4681,-0.26,1.26
4682,-0.34,1.23
4683,-0.41,1.19
4684,-0.53,1.28
4685,-0.64,1.37
4686,-0.75,1.47
4687,-0.87,1.56
4688,-0.98,1.65
4689,-0.85,1.63
4690,-0.72,1.6
4691,-0.59,1.58
4692,-0.46,1.55
4693,-0.33,1.53
4694,-0.2,1.5
4695,-0.17,1.52
4696,-0.2,1.58
4697,-0.24,1.64
4698,-0.27,1.7
4699,-0.3,1.76
4700,-0.33,1.81
4701,-0.37,1.85
4702,-0.45,1.79
4703,-0.52,1.73
4704,-0.59,1.67
4705,-0.66,1.61
4706,-0.73,1.55
4707,-0.76,1.5
4708,-0.76,1.44
4709,-0.77,1.39
4710,-0.78,1.33
4711,-0.78,1.28
4712,-0.79,1.22
4713,-0.79,1.69
4714,-0.76,1.91
4715,-0.69,1.84
4716,-0.63,1.77
4717,-0.56,1.7
4718,-0.5,1.63
4719,-0.43,1.56
4720,-0.37,1.49
4721,-0.31,1.43
4722,-0.35,1.46
4723,-0.39,1.48
4724,-0.43,1.5
4725,-0.47,1.52
4726,-0.51,1.55
4727,-0.55,1.57
4728,-0.59,1.59
4729,-0.63,1.62
4730,-0.67,1.64
4731,-0.66,1.62
4732,-0.65,1.61
4733,-0.64,1.6
4734,-0.63,1.58
4735,-0.7,1.63
4736,-0.78,1.69
4737,-0.85,1.75
4738,-0.93,1.81
4739,-0.91,1.82
4740,-0.88,1.83
4741,-0.85,1.83
4742,-0.81,1.84
4743,-0.78,1.84
4744,-0.75,1.85
4745,-0.71,1.85
4746,-0.69,1.83
4747,-0.68,1.81
4748,-0.66,1.79
4749,-0.64,1.77
4750,-0.62,1.75
4751,-0.64,1.72
4752,-0.73,1.65
4753,-0.82,1.58
4754,-0.92,1.51
4755,-1.01,1.45
4756,-1.1,1.38
4757,-1.2,1.31
4758,-1.29,1.24
4759,-1.15,1.27
4760,-1.01,1.3
4761,-0.88,1.33
4762,-0.74,1.36
4763,-0.6,1.4
4764,-0.46,1.43
4765,-0.43,1.42
4766,-0.4,1.42
4767,-0.37,1.41
4768,-0.34,1.41
4769,-0.32,1.4
4770,-0.29,1.4
4771,-0.26,1.39
4772,-0.35,1.44
4773,-0.44,1.49
4774,-0.54,1.54
4775,-0.63,1.59
4776,-0.73,1.64
4777,-0.82,1.69
4778,-0.89,1.72
4779,-0.87,1.69
4780,-0.85,1.66
4781,-0.84,1.62
4782,-0.82,1.59
4783,-0.76,1.64
4784,-0.7,1.69
4785,-0.64,1.74
4786,-0.57,1.79
4787,-0.58,1.82
4788,-0.66,1.82
4789,-0.75,1.81
4790,-0.83,1.81
4791,-0.89,1.81
4792,-0.9,1.81
4793,-0.91,1.81
4794,-0.93,1.81
4795,-0.91,1.75
4796,-0.88,1.68
4797,-0.86,1.61
4798,-0.83,1.54
4799,-0.81,1.57
4800,-0.78,1.61
4801,-0.76,1.64
4802,-0.74,1.67
4803,-0.72,1.71
4804,-0.69,1.74
4805,-0.67,1.77
4806,-0.66,1.79
4807,-0.64,1.81
4808,-0.62,1.83
4809,-0.61,1.85
4810,-0.59,1.87
4811,-0.57,1.89
4812,-0.56,1.91
4813,-0.57,1.8
4814,-0.6,1.61
4815,-0.63,1.43
4816,-0.66,1.24
4817,-0.7,1.06
4818,-0.73,0.87
4819,-0.76,0.69
4820,-0.79,0.5
4821,-0.82,0.32
4822,-0.85,0.13
4823,-0.88,-0.05
4824,-0.89,-0.09
4825,-0.86,0.05
4826,-0.82,0.18
4827,-0.79,0.31
4828,-0.76,0.45
4829,-0.73,0.58
4830,-0.7,0.71
4831,-0.67,0.85
4832,-0.64,0.98
4833,-0.61,1.11
4834,-0.58,1.25
4835,-0.55,1.38
4836,-0.52,1.34
4837,-0.49,1.3
4838,-0.46,1.26
4839,-0.44,1.22
4840,-0.41,1.18
4841,-0.35,1.18
4842,-0.26,1.22
4843,-0.17,1.27
4844,-0.08,1.31
4845,0.01,1.36
4846,0.1,1.41
4847,0.11,1.45
4848,0.03,1.48
4849,-0.06,1.51
4850,-0.14,1.55
4851,-0.22,1.58
4852,-0.31,1.61
4853,-0.39,1.65
4854,-0.48,1.68
4855,-0.56,1.71
4856,-0.64,1.75
4857,-0.73,1.78
4858,-0.81,1.81
4859,-0.9,1.85
4860,-0.98,1.88
4861,-1.06,1.91
4862,-1.15,1.95
4863,-1.17,1.94
4864,-1.16,1.9
4865,-1.15,1.86
4866,-1.13,1.82
4867,-1.12,1.78
4868,-1.11,1.74
4869,-1.1,1.71
4870,-1.08,1.67
4871,-1.07,1.63
4872,-1.06,1.59
4873,-1.04,1.55
4874,-1.03,1.51
4875,-1.02,1.48
4876,-1.01,1.44
4877,-0.99,1.4
4878,-0.98,1.36
4879,-0.92,1.35
4880,-0.86,1.35
4881,-0.8,1.34
4882,-0.74,1.34
4883,-0.68,1.33
4884,-0.62,1.32
4885,-0.56,1.32
4886,-0.5,1.31
4887,-0.47,1.33
4888,-0.48,1.35
4889,-0.49,1.38
4890,-0.5,1.41
4891,-0.51,1.44
4892,-0.52,1.47
4893,-0.53,1.49
4894,-0.54,1.52
4895,-0.55,1.55
4896,-0.56,1.58
4897,-0.57,1.6
4898,-0.59,1.62
4899,-0.62,1.65
4900,-0.64,1.67
4901,-0.66,1.69
4902,-0.68,1.71
4903,-0.7,1.73
4904,-0.71,1.75
4905,-0.68,1.74
4906,-0.65,1.72
4907,-0.63,1.71
4908,-0.6,1.7
4909,-0.57,1.69
4910,-0.61,1.75
4911,-0.64,1.81
4912,-0.68,1.87
4913,-0.72,1.94
4914,-0.75,2
4915,-0.79,2.06
4916,-0.83,2.12
4917,-0.87,2.08
4918,-0.91,2
4919,-0.95,1.92
4920,-0.98,1.86
4921,-0.98,1.87
4922,-0.97,1.87
4923,-0.97,1.88
4924,-1.05,1.84
4925,-1.13,1.79
4926,-1.21,1.74
4927,-1.3,1.69
4928,-1.38,1.65
4929,-1.47,1.6
4930,-1.55,1.55
4931,-1.47,1.58
4932,-1.4,1.61
4933,-1.32,1.64
4934,-1.25,1.67
4935,-1.17,1.71
4936,-1.09,1.72
4937,-1.02,1.68
4938,-0.95,1.63
4939,-0.88,1.59
4940,-0.81,1.54
4941,-0.74,1.5
4942,-0.69,1.47
4943,-0.74,1.51
4944,-0.79,1.55
4945,-0.84,1.59
4946,-0.89,1.63
4947,-0.95,1.67
4948,-1,1.64
4949,-1.05,1.6
4950,-1.1,1.57
4951,-1.15,1.54
4952,-1.2,1.51
4953,-1.11,1.41
4954,-1.03,1.31
4955,-0.94,1.21
4956,-0.86,1.11
4957,-0.77,1.01
4958,-0.72,0.95
4959,-0.85,1.09
4960,-0.98,1.23
4961,-1.11,1.36
4962,-1.24,1.5
4963,-1.36,1.63
4964,-1.49,1.77
4965,-1.55,1.83
4966,-1.47,1.75
4967,-1.39,1.67
4968,-1.3,1.59
4969,-1.22,1.51
4970,-1.08,1.39
4971,-0.88,1.25
4972,-0.69,1.11
4973,-0.49,0.96
4974,-0.3,0.82
4975,-0.35,0.97
4976,-0.4,1.11
4977,-0.46,1.26
4978,-0.51,1.4
4979,-0.56,1.55
4980,-0.61,1.66
4981,-0.66,1.73
4982,-0.72,1.8
4983,-0.77,1.88
4984,-0.82,1.95
4985,-0.87,2.02
4986,-0.91,2.03
4987,-0.94,1.98
4988,-0.96,1.92
4989,-0.98,1.87
4990,-1.01,1.81
4991,-1.03,1.76
4992,-1.11,1.73
4993,-1.2,1.69
4994,-1.28,1.66
4995,-1.36,1.63
4996,-1.44,1.6
4997,-1.53,1.56
4998,-1.61,1.53
4999,-1.48,1.58
5000,-1.36,1.63
5001,-1.23,1.67
5002,-1.11,1.72
5003,-0.98,1.77
5004,-0.86,1.82
5005,-0.73,1.86
5006,-0.61,1.91
5007,-0.53,1.85
5008,-0.48,1.73
5009,-0.43,1.6
5010,-0.38,1.48
5011,-0.33,1.36
5012,-0.27,1.23
5013,-0.26,1.2
5014,-0.34,1.34
5015,-0.41,1.49
5016,-0.49,1.64
5017,-0.56,1.78
5018,-0.59,1.69
5019,-0.6,1.51
5020,-0.61,1.33
5021,-0.63,1.16
5022,-0.64,0.98
5023,-0.65,0.8
5024,-0.75,0.93
5025,-0.85,1.05
5026,-0.95,1.18
5027,-1.05,1.3
5028,-1.15,1.43
5029,-1.25,1.56
5030,-1.21,1.59
5031,-1.09,1.57
5032,-0.98,1.55
5033,-0.86,1.53
5034,-0.74,1.51
5035,-0.87,1.49
5036,-1.05,1.47
5037,-1.22,1.45
5038,-1.4,1.42
5039,-1.32,1.46
5040,-1.19,1.5
5041,-1.07,1.55
5042,-0.94,1.59
5043,-0.81,1.64
5044,-0.68,1.68
5045,-0.6,1.71
5046,-0.52,1.75
5047,-0.44,1.78
5048,-0.37,1.81
5049,-0.29,1.85
5050,-0.21,1.88
5051,-0.13,1.91
5052,-0.07,1.93
5053,-0.07,1.86
5054,-0.07,1.8
5055,-0.07,1.74
5056,-0.06,1.68
5057,-0.06,1.62
5058,-0.06,1.56
5059,-0.12,1.53
5060,-0.19,1.51
5061,-0.27,1.5
5062,-0.35,1.49
5063,-0.39,1.51
5064,-0.42,1.55
5065,-0.44,1.59
5066,-0.46,1.64
5067,-0.48,1.68
5068,-0.54,1.75
5069,-0.6,1.82
5070,-0.67,1.89
5071,-0.73,1.96
5072,-0.79,2.03
5073,-0.85,2.1
5074,-0.96,2.1
5075,-1.06,2.1
5076,-1.16,2.1
5077,-1.26,2.1
5078,-1.12,1.97
5079,-0.97,1.82
5080,-0.81,1.68
5081,-0.68,1.55
5082,-0.78,1.55
5083,-0.89,1.54
5084,-1,1.54
5085,-1.1,1.54
5086,-1.21,1.54
5087,-1.31,1.53
5088,-1.42,1.53
5089,-1.36,1.55
5090,-1.3,1.58
5091,-1.25,1.6
5092,-1.19,1.63
5093,-1.13,1.65
5094,-1.07,1.67
5095,-1.01,1.7
5096,-0.96,1.72
5097,-0.89,1.69
5098,-0.83,1.64
5099,-0.76,1.59
5100,-0.69,1.54
5101,-0.63,1.49
5102,-0.56,1.43
5103,-0.51,1.4
5104,-0.49,1.4
5105,-0.47,1.4
5106,-0.45,1.39
5107,-0.42,1.39
5108,-0.46,1.4
5109,-0.62,1.44
5110,-0.77,1.47
5111,-0.93,1.5
5112,-1.08,1.54
5113,-1.24,1.57
5114,-1.39,1.61
5115,-1.55,1.64
5116,-1.46,1.67
5117,-1.37,1.7
5118,-1.28,1.73
5119,-1.19,1.76
5120,-1.1,1.79
5121,-1.01,1.82
5122,-0.92,1.85
5123,-0.85,1.87
5124,-0.86,1.89
5125,-0.87,1.9
5126,-0.88,1.91
5127,-0.89,1.93
5128,-0.89,1.94
5129,-0.92,1.94
5130,-0.98,1.92
5131,-1.04,1.9
5132,-1.1,1.88
5133,-1.16,1.86
5134,-1.27,1.86
5135,-1.39,1.86
5136,-1.5,1.87
5137,-1.62,1.87
5138,-1.74,1.87
5139,-1.6,1.9
5140,-1.47,1.93
5141,-1.33,1.96
5142,-1.2,1.99
5143,-1.06,2.02
5144,-0.93,2.05
5145,-0.89,2.05
5146,-0.94,2.02
5147,-0.99,1.99
5148,-1.04,1.96
5149,-1.1,1.93
5150,-1.15,1.9
5151,-1.09,1.84
5152,-1.01,1.78
5153,-0.92,1.71
5154,-0.88,1.65
5155,-1.05,1.58
5156,-1.22,1.51
5157,-1.39,1.44
5158,-1.55,1.38
5159,-1.72,1.31
5160,-1.57,1.32
5161,-1.42,1.34
5162,-1.27,1.35
5163,-1.13,1.37
5164,-0.98,1.38
5165,-0.83,1.4
5166,-0.79,1.41
5167,-0.78,1.41
5168,-0.78,1.42
5169,-0.78,1.43
5170,-0.77,1.44
5171,-0.77,1.45
5172,-0.79,1.47
5173,-0.84,1.52
5174,-0.89,1.57
5175,-0.94,1.62
5176,-0.99,1.67
5177,-1.12,1.6
5178,-1.26,1.53
5179,-1.39,1.47
5180,-1.52,1.4
5181,-1.53,1.48
5182,-1.54,1.55
5183,-1.55,1.63
5184,-1.56,1.71
5185,-1.57,1.78
5186,-1.53,1.85
5187,-1.43,1.91
5188,-1.33,1.97
5189,-1.23,2.04
5190,-1.13,2.1
5191,-1.05,2.09
5192,-0.97,2.05
5193,-0.89,2.02
5194,-0.8,1.99
5195,-0.72,1.96
5196,-0.8,1.83
5197,-0.88,1.7
5198,-0.96,1.57
5199,-1.04,1.44
5200,-0.96,1.4
5201,-0.87,1.37
5202,-0.79,1.33
5203,-0.7,1.3
5204,-0.62,1.26
5205,-0.53,1.23
5206,-0.45,1.19
5207,-0.36,1.16
5208,-0.28,1.12
5209,-0.24,1.1
5210,-0.28,1.11
5211,-0.31,1.11
5212,-0.35,1.12
5213,-0.38,1.12
5214,-0.41,1.13
5215,-0.45,1.13
5216,-0.48,1.14
5217,-0.51,1.14
5218,-0.55,1.15
5219,-0.58,1.15
5220,-0.62,1.16
5221,-0.65,1.16
5222,-0.68,1.17
5223,-0.7,1.23
5224,-0.7,1.31
5225,-0.71,1.38
5226,-0.71,1.46
5227,-0.72,1.54
5228,-0.73,1.61
5229,-0.73,1.62
5230,-0.74,1.55
5231,-0.74,1.49
5232,-0.75,1.42
5233,-0.75,1.36
5234,-0.76,1.29
5235,-0.76,1.33
5236,-0.76,1.37
5237,-0.76,1.41
5238,-0.76,1.45
5239,-0.76,1.5
5240,-0.76,1.54
5241,-0.78,1.53
5242,-0.8,1.53
5243,-0.82,1.52
5244,-0.81,1.56
5245,-0.75,1.7
5246,-0.68,1.84
5247,-0.62,1.98
5248,-0.61,1.99
5249,-0.62,1.95
5250,-0.63,1.9
5251,-0.64,1.86
5252,-0.65,1.81
5253,-0.66,1.77
5254,-0.69,1.78
5255,-0.72,1.79
5256,-0.74,1.79
5257,-0.79,1.83
5258,-0.88,1.9
5259,-0.97,1.97
5260,-1.06,2.04
5261,-1.15,2.11
5262,-1.24,2.19
5263,-1.28,2.21
5264,-1.27,2.19
5265,-1.26,2.18
5266,-1.25,2.16
5267,-1.24,2.14
5268,-1.24,2.12
5269,-1.25,2.11
5270,-1.33,2.13
5271,-1.4,2.15
5272,-1.48,2.16
5273,-1.55,2.18
5274,-1.38,2.12
5275,-1.21,2.06
5276,-1.04,2
5277,-0.89,1.95
5278,-0.82,1.95
5279,-0.74,1.94
5280,-0.67,1.94
5281,-0.65,1.9
5282,-0.66,1.83
5283,-0.67,1.77
5284,-0.68,1.7
5285,-0.74,1.72
5286,-0.82,1.76
5287,-0.89,1.81
5288,-0.97,1.85
5289,-1.04,1.89
5290,-1.12,1.93
5291,-1.04,1.85
5292,-0.97,1.78
5293,-0.89,1.7
5294,-0.81,1.62
5295,-0.73,1.54
5296,-0.69,1.52
5297,-0.67,1.51
5298,-0.64,1.51
5299,-0.63,1.51
5300,-0.68,1.57
5301,-0.73,1.63
5302,-0.78,1.69
5303,-0.84,1.75
5304,-0.89,1.82
5305,-0.92,1.79
5306,-0.95,1.75
5307,-0.97,1.7
5308,-1,1.66
5309,-1.02,1.61
5310,-1.05,1.57
5311,-1.04,1.66
5312,-1.03,1.74
5313,-1.02,1.83
5314,-1.01,1.91
5315,-1,2
5316,-0.94,2.04
5317,-0.84,2.05
5318,-0.73,2.06
5319,-0.63,2.06
5320,-0.53,2.07
5321,-0.53,2.05
5322,-0.56,2.03
5323,-0.59,2.01
5324,-0.62,1.99
5325,-0.66,1.97
5326,-0.71,1.96
5327,-0.76,1.94
5328,-0.72,1.74
5329,-0.64,1.44
5330,-0.55,1.13
